"";"cluster";"source";"target";"size"
"1";2;"02-CONFECTIONERY";"04-BEVERAGES";4444
"2";4;"02-CONFECTIONERY";"04-BEVERAGES";3617
"3";3;"02-CONFECTIONERY";"04-BEVERAGES";3461
"4";1;"02-CONFECTIONERY";"04-BEVERAGES";3395
"5";2;"04-BEVERAGES";"09-BAKERY";3155
"6";2;"04-BEVERAGES";"12-CIGARETTES/TOBACCO";2683
"7";3;"04-BEVERAGES";"12-CIGARETTES/TOBACCO";2479
"8";4;"04-BEVERAGES";"09-BAKERY";2261
"9";3;"04-BEVERAGES";"09-BAKERY";2176
"10";2;"03-SNACKS";"04-BEVERAGES";2039
"11";4;"03-SNACKS";"04-BEVERAGES";2015
"12";1;"04-BEVERAGES";"12-CIGARETTES/TOBACCO";1968
"13";1;"04-BEVERAGES";"09-BAKERY";1905
"14";1;"03-SNACKS";"04-BEVERAGES";1900
"15";4;"04-BEVERAGES";"12-CIGARETTES/TOBACCO";1773
"16";3;"04-BEVERAGES";"10-MILK";1590
"17";2;"09-BAKERY";"10-MILK";1527
"18";3;"10-MILK";"12-CIGARETTES/TOBACCO";1521
"19";3;"03-SNACKS";"04-BEVERAGES";1508
"20";5;"02-CONFECTIONERY";"04-BEVERAGES";1496
"21";2;"04-BEVERAGES";"10-MILK";1482
"22";2;"02-CONFECTIONERY";"10-MILK";1453
"23";2;"04-BEVERAGES";"05-CHILLED PERISHABLES";1424
"24";3;"02-CONFECTIONERY";"10-MILK";1376
"25";2;"10-MILK";"12-CIGARETTES/TOBACCO";1321
"26";5;"04-BEVERAGES";"32-FOODSERVICE PREPARED ON-SITE";1311
"27";4;"04-BEVERAGES";"05-CHILLED PERISHABLES";1197
"28";1;"02-CONFECTIONERY";"10-MILK";1168
"29";3;"09-BAKERY";"10-MILK";1130
"30";2;"02-CONFECTIONERY";"09-BAKERY";1054
"31";3;"02-CONFECTIONERY";"12-CIGARETTES/TOBACCO";1035
"32";4;"02-CONFECTIONERY";"10-MILK";1035
"33";1;"04-BEVERAGES";"05-CHILLED PERISHABLES";1015
"34";1;"04-BEVERAGES";"10-MILK";972
"35";4;"09-BAKERY";"10-MILK";964
"36";1;"02-CONFECTIONERY";"12-CIGARETTES/TOBACCO";944
"37";1;"10-MILK";"12-CIGARETTES/TOBACCO";936
"38";3;"04-BEVERAGES";"05-CHILLED PERISHABLES";924
"39";4;"02-CONFECTIONERY";"03-SNACKS";921
"40";1;"02-CONFECTIONERY";"03-SNACKS";908
"41";2;"02-CONFECTIONERY";"12-CIGARETTES/TOBACCO";905
"42";4;"04-BEVERAGES";"10-MILK";881
"43";1;"09-BAKERY";"10-MILK";871
"44";5;"04-BEVERAGES";"12-CIGARETTES/TOBACCO";806
"45";2;"04-BEVERAGES";"32-FOODSERVICE PREPARED ON-SITE";793
"46";4;"02-CONFECTIONERY";"09-BAKERY";784
"47";2;"02-CONFECTIONERY";"05-CHILLED PERISHABLES";764
"48";2;"02-CONFECTIONERY";"03-SNACKS";727
"49";4;"02-CONFECTIONERY";"12-CIGARETTES/TOBACCO";724
"50";3;"02-CONFECTIONERY";"09-BAKERY";715
"51";5;"03-SNACKS";"04-BEVERAGES";704
"52";3;"02-CONFECTIONERY";"03-SNACKS";670
"53";4;"02-CONFECTIONERY";"05-CHILLED PERISHABLES";670
"54";1;"02-CONFECTIONERY";"09-BAKERY";665
"55";4;"10-MILK";"12-CIGARETTES/TOBACCO";647
"56";5;"04-BEVERAGES";"10-MILK";644
"57";5;"10-MILK";"32-FOODSERVICE PREPARED ON-SITE";619
"58";1;"04-BEVERAGES";"11-ICE CREAM";616
"59";2;"09-BAKERY";"12-CIGARETTES/TOBACCO";614
"60";1;"02-CONFECTIONERY";"05-CHILLED PERISHABLES";607
"61";5;"04-BEVERAGES";"09-BAKERY";551
"62";2;"04-BEVERAGES";"11-ICE CREAM";550
"63";4;"04-BEVERAGES";"11-ICE CREAM";544
"64";2;"03-SNACKS";"10-MILK";541
"65";3;"04-BEVERAGES";"11-ICE CREAM";538
"66";5;"02-CONFECTIONERY";"10-MILK";508
"67";1;"02-CONFECTIONERY";"11-ICE CREAM";506
"68";1;"03-SNACKS";"10-MILK";497
"69";3;"09-BAKERY";"12-CIGARETTES/TOBACCO";494
"70";3;"03-SNACKS";"10-MILK";491
"71";2;"05-CHILLED PERISHABLES";"10-MILK";486
"72";3;"02-CONFECTIONERY";"05-CHILLED PERISHABLES";481
"73";4;"03-SNACKS";"10-MILK";481
"74";5;"10-MILK";"12-CIGARETTES/TOBACCO";446
"75";2;"03-SNACKS";"05-CHILLED PERISHABLES";434
"76";2;"04-BEVERAGES";"56-LOCAL ITEMS";432
"77";4;"09-BAKERY";"12-CIGARETTES/TOBACCO";421
"78";4;"03-SNACKS";"05-CHILLED PERISHABLES";419
"79";2;"03-SNACKS";"09-BAKERY";408
"80";3;"02-CONFECTIONERY";"11-ICE CREAM";397
"81";2;"04-BEVERAGES";"21-PUBLICATIONS";396
"82";1;"09-BAKERY";"12-CIGARETTES/TOBACCO";393
"83";1;"03-SNACKS";"05-CHILLED PERISHABLES";391
"84";4;"05-CHILLED PERISHABLES";"10-MILK";389
"85";3;"05-CHILLED PERISHABLES";"10-MILK";382
"86";2;"10-MILK";"32-FOODSERVICE PREPARED ON-SITE";381
"87";3;"04-BEVERAGES";"32-FOODSERVICE PREPARED ON-SITE";362
"88";1;"08-BREAD";"10-MILK";355
"89";4;"02-CONFECTIONERY";"11-ICE CREAM";353
"90";4;"03-SNACKS";"09-BAKERY";352
"91";1;"05-CHILLED PERISHABLES";"10-MILK";350
"92";1;"03-SNACKS";"09-BAKERY";330
"93";3;"04-BEVERAGES";"56-LOCAL ITEMS";318
"94";3;"04-BEVERAGES";"26-COMMUNICATION";315
"95";5;"09-BAKERY";"10-MILK";314
"96";5;"04-BEVERAGES";"11-ICE CREAM";313
"97";2;"05-CHILLED PERISHABLES";"09-BAKERY";313
"98";5;"04-BEVERAGES";"56-LOCAL ITEMS";310
"99";1;"04-BEVERAGES";"21-PUBLICATIONS";307
"100";1;"03-SNACKS";"12-CIGARETTES/TOBACCO";306
"101";1;"10-MILK";"11-ICE CREAM";303
"102";2;"10-MILK";"21-PUBLICATIONS";301
"103";3;"08-BREAD";"10-MILK";300
"104";3;"03-SNACKS";"09-BAKERY";300
"105";2;"02-CONFECTIONERY";"11-ICE CREAM";293
"106";5;"02-CONFECTIONERY";"12-CIGARETTES/TOBACCO";283
"107";5;"02-CONFECTIONERY";"03-SNACKS";283
"108";3;"10-MILK";"11-ICE CREAM";283
"109";4;"05-CHILLED PERISHABLES";"09-BAKERY";280
"110";3;"03-SNACKS";"12-CIGARETTES/TOBACCO";279
"111";3;"04-BEVERAGES";"21-PUBLICATIONS";276
"112";3;"10-MILK";"21-PUBLICATIONS";271
"113";3;"03-SNACKS";"05-CHILLED PERISHABLES";267
"114";1;"10-MILK";"21-PUBLICATIONS";263
"115";2;"02-CONFECTIONERY";"21-PUBLICATIONS";252
"116";1;"05-CHILLED PERISHABLES";"09-BAKERY";246
"117";4;"04-BEVERAGES";"21-PUBLICATIONS";244
"118";2;"04-BEVERAGES";"14-HEALTH AND BEAUTY";243
"119";2;"04-BEVERAGES";"43-MEAL REPLACEMENTS";243
"120";1;"04-BEVERAGES";"56-LOCAL ITEMS";239
"121";2;"10-MILK";"56-LOCAL ITEMS";238
"122";4;"03-SNACKS";"12-CIGARETTES/TOBACCO";238
"123";2;"03-SNACKS";"12-CIGARETTES/TOBACCO";232
"124";1;"03-SNACKS";"11-ICE CREAM";230
"125";1;"04-BEVERAGES";"14-HEALTH AND BEAUTY";225
"126";4;"04-BEVERAGES";"14-HEALTH AND BEAUTY";220
"127";3;"10-MILK";"56-LOCAL ITEMS";220
"128";1;"02-CONFECTIONERY";"21-PUBLICATIONS";218
"129";3;"12-CIGARETTES/TOBACCO";"26-COMMUNICATION";215
"130";5;"02-CONFECTIONERY";"32-FOODSERVICE PREPARED ON-SITE";215
"131";3;"04-BEVERAGES";"14-HEALTH AND BEAUTY";211
"132";4;"04-BEVERAGES";"32-FOODSERVICE PREPARED ON-SITE";211
"133";3;"04-BEVERAGES";"43-MEAL REPLACEMENTS";209
"134";3;"05-CHILLED PERISHABLES";"09-BAKERY";206
"135";5;"04-BEVERAGES";"05-CHILLED PERISHABLES";206
"136";5;"03-SNACKS";"10-MILK";201
"137";2;"08-BREAD";"10-MILK";201
"138";1;"04-BEVERAGES";"43-MEAL REPLACEMENTS";194
"139";1;"12-CIGARETTES/TOBACCO";"21-PUBLICATIONS";193
"140";4;"04-BEVERAGES";"43-MEAL REPLACEMENTS";188
"141";2;"12-CIGARETTES/TOBACCO";"21-PUBLICATIONS";185
"142";2;"10-MILK";"11-ICE CREAM";183
"143";2;"05-CHILLED PERISHABLES";"12-CIGARETTES/TOBACCO";183
"144";4;"03-SNACKS";"11-ICE CREAM";181
"145";2;"04-BEVERAGES";"26-COMMUNICATION";179
"146";5;"21-PUBLICATIONS";"56-LOCAL ITEMS";179
"147";3;"10-MILK";"26-COMMUNICATION";176
"148";3;"02-CONFECTIONERY";"56-LOCAL ITEMS";174
"149";3;"05-CHILLED PERISHABLES";"12-CIGARETTES/TOBACCO";172
"150";5;"10-MILK";"56-LOCAL ITEMS";172
"151";1;"10-MILK";"56-LOCAL ITEMS";171
"152";3;"11-ICE CREAM";"12-CIGARETTES/TOBACCO";171
"153";3;"10-MILK";"32-FOODSERVICE PREPARED ON-SITE";171
"154";5;"32-FOODSERVICE PREPARED ON-SITE";"56-LOCAL ITEMS";169
"155";4;"10-MILK";"21-PUBLICATIONS";164
"156";1;"11-ICE CREAM";"12-CIGARETTES/TOBACCO";162
"157";4;"10-MILK";"11-ICE CREAM";160
"158";4;"08-BREAD";"10-MILK";158
"159";5;"02-CONFECTIONERY";"11-ICE CREAM";157
"160";2;"12-CIGARETTES/TOBACCO";"32-FOODSERVICE PREPARED ON-SITE";155
"161";1;"05-CHILLED PERISHABLES";"12-CIGARETTES/TOBACCO";155
"162";5;"02-CONFECTIONERY";"56-LOCAL ITEMS";153
"163";3;"02-CONFECTIONERY";"26-COMMUNICATION";152
"164";5;"02-CONFECTIONERY";"09-BAKERY";152
"165";3;"02-CONFECTIONERY";"21-PUBLICATIONS";151
"166";4;"04-BEVERAGES";"56-LOCAL ITEMS";151
"167";1;"02-CONFECTIONERY";"56-LOCAL ITEMS";150
"168";2;"02-CONFECTIONERY";"32-FOODSERVICE PREPARED ON-SITE";148
"169";2;"04-BEVERAGES";"18-AUTOMOTIVE";148
"170";4;"05-CHILLED PERISHABLES";"12-CIGARETTES/TOBACCO";146
"171";4;"02-CONFECTIONERY";"21-PUBLICATIONS";146
"172";3;"12-CIGARETTES/TOBACCO";"21-PUBLICATIONS";146
"173";1;"04-BEVERAGES";"26-COMMUNICATION";142
"174";5;"12-CIGARETTES/TOBACCO";"32-FOODSERVICE PREPARED ON-SITE";141
"175";2;"02-CONFECTIONERY";"56-LOCAL ITEMS";140
"176";5;"04-BEVERAGES";"21-PUBLICATIONS";136
"177";3;"03-SNACKS";"11-ICE CREAM";136
"178";4;"04-BEVERAGES";"26-COMMUNICATION";136
"179";2;"09-BAKERY";"56-LOCAL ITEMS";136
"180";2;"02-CONFECTIONERY";"43-MEAL REPLACEMENTS";135
"181";2;"03-SNACKS";"11-ICE CREAM";132
"182";2;"09-BAKERY";"21-PUBLICATIONS";132
"183";2;"04-BEVERAGES";"99-SYSTEM";131
"184";3;"04-BEVERAGES";"18-AUTOMOTIVE";131
"185";3;"12-CIGARETTES/TOBACCO";"56-LOCAL ITEMS";130
"186";1;"02-CONFECTIONERY";"14-HEALTH AND BEAUTY";127
"187";4;"02-CONFECTIONERY";"43-MEAL REPLACEMENTS";126
"188";4;"03-SNACKS";"43-MEAL REPLACEMENTS";125
"189";2;"02-CONFECTIONERY";"14-HEALTH AND BEAUTY";125
"190";3;"02-CONFECTIONERY";"14-HEALTH AND BEAUTY";124
"191";1;"02-CONFECTIONERY";"08-BREAD";123
"192";3;"02-CONFECTIONERY";"43-MEAL REPLACEMENTS";122
"193";1;"04-BEVERAGES";"18-AUTOMOTIVE";122
"194";1;"02-CONFECTIONERY";"43-MEAL REPLACEMENTS";121
"195";3;"09-BAKERY";"21-PUBLICATIONS";120
"196";5;"04-BEVERAGES";"99-SYSTEM";120
"197";2;"05-CHILLED PERISHABLES";"43-MEAL REPLACEMENTS";118
"198";5;"09-BAKERY";"32-FOODSERVICE PREPARED ON-SITE";117
"199";4;"02-CONFECTIONERY";"14-HEALTH AND BEAUTY";117
"200";2;"01-GROCERY FOOD";"04-BEVERAGES";115
"201";5;"04-BEVERAGES";"45-ALTERNATE BUSINESS – TAKEAWAY";115
"202";1;"04-BEVERAGES";"08-BREAD";114
"203";1;"01-GROCERY FOOD";"10-MILK";114
"204";4;"04-BEVERAGES";"18-AUTOMOTIVE";113
"205";3;"01-GROCERY FOOD";"10-MILK";113
"206";3;"04-BEVERAGES";"08-BREAD";113
"207";2;"12-CIGARETTES/TOBACCO";"26-COMMUNICATION";112
"208";2;"09-BAKERY";"32-FOODSERVICE PREPARED ON-SITE";112
"209";2;"09-BAKERY";"43-MEAL REPLACEMENTS";110
"210";5;"05-CHILLED PERISHABLES";"10-MILK";109
"211";3;"01-GROCERY FOOD";"04-BEVERAGES";108
"212";1;"01-GROCERY FOOD";"04-BEVERAGES";108
"213";3;"02-CONFECTIONERY";"32-FOODSERVICE PREPARED ON-SITE";107
"214";1;"03-SNACKS";"43-MEAL REPLACEMENTS";107
"215";2;"21-PUBLICATIONS";"56-LOCAL ITEMS";106
"216";1;"09-BAKERY";"21-PUBLICATIONS";104
"217";1;"04-BEVERAGES";"13-GROCERY NON FOOD";103
"218";5;"02-CONFECTIONERY";"05-CHILLED PERISHABLES";102
"219";2;"12-CIGARETTES/TOBACCO";"56-LOCAL ITEMS";102
"220";5;"12-CIGARETTES/TOBACCO";"56-LOCAL ITEMS";101
"221";1;"09-BAKERY";"11-ICE CREAM";101
"222";1;"12-CIGARETTES/TOBACCO";"56-LOCAL ITEMS";101
"223";4;"09-BAKERY";"21-PUBLICATIONS";100
"224";1;"03-SNACKS";"56-LOCAL ITEMS";100
"225";4;"10-MILK";"32-FOODSERVICE PREPARED ON-SITE";98
"226";1;"12-CIGARETTES/TOBACCO";"26-COMMUNICATION";98
"227";2;"03-SNACKS";"43-MEAL REPLACEMENTS";97
"228";3;"04-BEVERAGES";"07-ICE";96
"229";4;"09-BAKERY";"43-MEAL REPLACEMENTS";95
"230";2;"11-ICE CREAM";"12-CIGARETTES/TOBACCO";95
"231";2;"10-MILK";"14-HEALTH AND BEAUTY";95
"232";3;"09-BAKERY";"56-LOCAL ITEMS";94
"233";4;"01-GROCERY FOOD";"04-BEVERAGES";94
"234";4;"11-ICE CREAM";"12-CIGARETTES/TOBACCO";94
"235";2;"04-BEVERAGES";"07-ICE";94
"236";2;"12-CIGARETTES/TOBACCO";"43-MEAL REPLACEMENTS";93
"237";3;"10-MILK";"14-HEALTH AND BEAUTY";93
"238";3;"09-BAKERY";"11-ICE CREAM";92
"239";3;"12-CIGARETTES/TOBACCO";"43-MEAL REPLACEMENTS";91
"240";3;"12-CIGARETTES/TOBACCO";"32-FOODSERVICE PREPARED ON-SITE";90
"241";3;"04-BEVERAGES";"13-GROCERY NON FOOD";90
"242";2;"10-MILK";"43-MEAL REPLACEMENTS";90
"243";2;"05-CHILLED PERISHABLES";"21-PUBLICATIONS";90
"244";5;"09-BAKERY";"56-LOCAL ITEMS";90
"245";2;"10-MILK";"26-COMMUNICATION";88
"246";4;"12-CIGARETTES/TOBACCO";"21-PUBLICATIONS";88
"247";1;"09-BAKERY";"56-LOCAL ITEMS";88
"248";5;"09-BAKERY";"12-CIGARETTES/TOBACCO";87
"249";5;"04-BEVERAGES";"44-TAKE AWAY FOOD PREPARED";87
"250";5;"10-MILK";"11-ICE CREAM";87
"251";2;"02-CONFECTIONERY";"26-COMMUNICATION";87
"252";2;"01-GROCERY FOOD";"10-MILK";87
"253";5;"10-MILK";"21-PUBLICATIONS";86
"254";3;"08-BREAD";"12-CIGARETTES/TOBACCO";86
"255";3;"04-BEVERAGES";"22-GENERAL MERCHANDISE";86
"256";1;"03-SNACKS";"08-BREAD";85
"257";3;"09-BAKERY";"43-MEAL REPLACEMENTS";85
"258";5;"10-MILK";"45-ALTERNATE BUSINESS – TAKEAWAY";85
"259";2;"12-CIGARETTES/TOBACCO";"14-HEALTH AND BEAUTY";85
"260";1;"04-BEVERAGES";"22-GENERAL MERCHANDISE";84
"261";4;"04-BEVERAGES";"99-SYSTEM";84
"262";4;"02-CONFECTIONERY";"56-LOCAL ITEMS";82
"263";1;"02-CONFECTIONERY";"13-GROCERY NON FOOD";81
"264";5;"04-BEVERAGES";"26-COMMUNICATION";81
"265";3;"02-CONFECTIONERY";"08-BREAD";81
"266";1;"01-GROCERY FOOD";"02-CONFECTIONERY";80
"267";1;"09-BAKERY";"43-MEAL REPLACEMENTS";80
"268";1;"02-CONFECTIONERY";"26-COMMUNICATION";80
"269";4;"09-BAKERY";"11-ICE CREAM";80
"270";4;"12-CIGARETTES/TOBACCO";"43-MEAL REPLACEMENTS";79
"271";2;"04-BEVERAGES";"08-BREAD";79
"272";1;"01-GROCERY FOOD";"03-SNACKS";79
"273";5;"03-SNACKS";"12-CIGARETTES/TOBACCO";78
"274";2;"09-BAKERY";"11-ICE CREAM";78
"275";1;"02-CONFECTIONERY";"99-SYSTEM";78
"276";3;"12-CIGARETTES/TOBACCO";"14-HEALTH AND BEAUTY";77
"277";4;"09-BAKERY";"56-LOCAL ITEMS";76
"278";4;"05-CHILLED PERISHABLES";"43-MEAL REPLACEMENTS";76
"279";1;"10-MILK";"26-COMMUNICATION";76
"280";1;"04-BEVERAGES";"99-SYSTEM";75
"281";4;"04-BEVERAGES";"08-BREAD";75
"282";1;"12-CIGARETTES/TOBACCO";"14-HEALTH AND BEAUTY";74
"283";1;"10-MILK";"13-GROCERY NON FOOD";74
"284";5;"03-SNACKS";"32-FOODSERVICE PREPARED ON-SITE";74
"285";4;"01-GROCERY FOOD";"10-MILK";74
"286";1;"10-MILK";"14-HEALTH AND BEAUTY";73
"287";1;"05-CHILLED PERISHABLES";"56-LOCAL ITEMS";73
"288";2;"02-CONFECTIONERY";"18-AUTOMOTIVE";73
"289";3;"03-SNACKS";"43-MEAL REPLACEMENTS";73
"290";1;"12-CIGARETTES/TOBACCO";"43-MEAL REPLACEMENTS";72
"291";3;"09-BAKERY";"32-FOODSERVICE PREPARED ON-SITE";72
"292";3;"10-MILK";"43-MEAL REPLACEMENTS";72
"293";3;"03-SNACKS";"56-LOCAL ITEMS";71
"294";3;"10-MILK";"13-GROCERY NON FOOD";71
"295";4;"01-GROCERY FOOD";"03-SNACKS";70
"296";3;"09-BAKERY";"26-COMMUNICATION";70
"297";1;"02-CONFECTIONERY";"18-AUTOMOTIVE";70
"298";2;"02-CONFECTIONERY";"99-SYSTEM";70
"299";5;"03-SNACKS";"09-BAKERY";69
"300";2;"05-CHILLED PERISHABLES";"32-FOODSERVICE PREPARED ON-SITE";69
"301";1;"08-BREAD";"12-CIGARETTES/TOBACCO";69
"302";1;"05-CHILLED PERISHABLES";"08-BREAD";69
"303";4;"02-CONFECTIONERY";"32-FOODSERVICE PREPARED ON-SITE";69
"304";5;"02-CONFECTIONERY";"21-PUBLICATIONS";68
"305";5;"05-CHILLED PERISHABLES";"32-FOODSERVICE PREPARED ON-SITE";67
"306";2;"10-MILK";"99-SYSTEM";66
"307";2;"02-CONFECTIONERY";"08-BREAD";66
"308";3;"02-CONFECTIONERY";"18-AUTOMOTIVE";66
"309";4;"02-CONFECTIONERY";"99-SYSTEM";66
"310";4;"02-CONFECTIONERY";"08-BREAD";66
"311";1;"03-SNACKS";"21-PUBLICATIONS";66
"312";2;"03-SNACKS";"21-PUBLICATIONS";65
"313";1;"05-CHILLED PERISHABLES";"43-MEAL REPLACEMENTS";65
"314";2;"04-BEVERAGES";"22-GENERAL MERCHANDISE";65
"315";3;"21-PUBLICATIONS";"56-LOCAL ITEMS";65
"316";5;"03-SNACKS";"56-LOCAL ITEMS";64
"317";4;"02-CONFECTIONERY";"26-COMMUNICATION";64
"318";1;"01-GROCERY FOOD";"05-CHILLED PERISHABLES";62
"319";1;"04-BEVERAGES";"32-FOODSERVICE PREPARED ON-SITE";62
"320";5;"08-BREAD";"10-MILK";62
"321";5;"03-SNACKS";"11-ICE CREAM";62
"322";4;"02-CONFECTIONERY";"18-AUTOMOTIVE";62
"323";4;"04-BEVERAGES";"44-TAKE AWAY FOOD PREPARED";62
"324";5;"04-BEVERAGES";"14-HEALTH AND BEAUTY";61
"325";2;"05-CHILLED PERISHABLES";"56-LOCAL ITEMS";61
"326";2;"21-PUBLICATIONS";"32-FOODSERVICE PREPARED ON-SITE";61
"327";1;"03-SNACKS";"14-HEALTH AND BEAUTY";60
"328";1;"05-CHILLED PERISHABLES";"11-ICE CREAM";60
"329";1;"10-MILK";"43-MEAL REPLACEMENTS";60
"330";2;"12-CIGARETTES/TOBACCO";"18-AUTOMOTIVE";59
"331";1;"05-CHILLED PERISHABLES";"21-PUBLICATIONS";59
"332";3;"02-CONFECTIONERY";"13-GROCERY NON FOOD";59
"333";3;"01-GROCERY FOOD";"02-CONFECTIONERY";59
"334";3;"12-CIGARETTES/TOBACCO";"13-GROCERY NON FOOD";59
"335";5;"44-TAKE AWAY FOOD PREPARED";"56-LOCAL ITEMS";58
"336";5;"21-PUBLICATIONS";"32-FOODSERVICE PREPARED ON-SITE";58
"337";3;"05-CHILLED PERISHABLES";"43-MEAL REPLACEMENTS";58
"338";3;"01-GROCERY FOOD";"12-CIGARETTES/TOBACCO";58
"339";4;"01-GROCERY FOOD";"02-CONFECTIONERY";58
"340";3;"05-CHILLED PERISHABLES";"32-FOODSERVICE PREPARED ON-SITE";57
"341";2;"01-GROCERY FOOD";"05-CHILLED PERISHABLES";57
"342";2;"10-MILK";"18-AUTOMOTIVE";56
"343";5;"12-CIGARETTES/TOBACCO";"21-PUBLICATIONS";56
"344";1;"21-PUBLICATIONS";"56-LOCAL ITEMS";56
"345";5;"04-BEVERAGES";"43-MEAL REPLACEMENTS";55
"346";4;"04-BEVERAGES";"07-ICE";55
"347";4;"10-MILK";"56-LOCAL ITEMS";55
"348";1;"12-CIGARETTES/TOBACCO";"99-SYSTEM";54
"349";1;"09-BAKERY";"32-FOODSERVICE PREPARED ON-SITE";54
"350";2;"04-BEVERAGES";"13-GROCERY NON FOOD";54
"351";1;"04-BEVERAGES";"07-ICE";53
"352";3;"01-GROCERY FOOD";"03-SNACKS";53
"353";5;"32-FOODSERVICE PREPARED ON-SITE";"99-SYSTEM";53
"354";2;"01-GROCERY FOOD";"02-CONFECTIONERY";53
"355";4;"04-BEVERAGES";"13-GROCERY NON FOOD";53
"356";4;"12-CIGARETTES/TOBACCO";"26-COMMUNICATION";53
"357";2;"01-GROCERY FOOD";"03-SNACKS";53
"358";5;"10-MILK";"99-SYSTEM";52
"359";4;"10-MILK";"14-HEALTH AND BEAUTY";52
"360";1;"08-BREAD";"11-ICE CREAM";51
"361";5;"04-BEVERAGES";"18-AUTOMOTIVE";51
"362";5;"11-ICE CREAM";"12-CIGARETTES/TOBACCO";51
"363";5;"02-CONFECTIONERY";"99-SYSTEM";51
"364";5;"05-CHILLED PERISHABLES";"09-BAKERY";51
"365";2;"03-SNACKS";"32-FOODSERVICE PREPARED ON-SITE";51
"366";2;"05-CHILLED PERISHABLES";"08-BREAD";51
"367";3;"12-CIGARETTES/TOBACCO";"18-AUTOMOTIVE";50
"368";1;"01-GROCERY FOOD";"12-CIGARETTES/TOBACCO";50
"369";1;"10-MILK";"18-AUTOMOTIVE";50
"370";4;"10-MILK";"43-MEAL REPLACEMENTS";50
"371";2;"12-CIGARETTES/TOBACCO";"99-SYSTEM";49
"372";3;"03-SNACKS";"32-FOODSERVICE PREPARED ON-SITE";49
"373";3;"10-MILK";"18-AUTOMOTIVE";49
"374";1;"02-CONFECTIONERY";"22-GENERAL MERCHANDISE";49
"375";1;"01-GROCERY FOOD";"08-BREAD";49
"376";5;"03-SNACKS";"05-CHILLED PERISHABLES";48
"377";2;"03-SNACKS";"56-LOCAL ITEMS";48
"378";2;"08-BREAD";"12-CIGARETTES/TOBACCO";48
"379";3;"05-CHILLED PERISHABLES";"56-LOCAL ITEMS";48
"380";1;"12-CIGARETTES/TOBACCO";"13-GROCERY NON FOOD";47
"381";2;"03-SNACKS";"14-HEALTH AND BEAUTY";47
"382";4;"03-SNACKS";"21-PUBLICATIONS";47
"383";4;"12-CIGARETTES/TOBACCO";"14-HEALTH AND BEAUTY";47
"384";3;"02-CONFECTIONERY";"22-GENERAL MERCHANDISE";46
"385";3;"08-BREAD";"09-BAKERY";46
"386";5;"04-BEVERAGES";"07-ICE";46
"387";2;"04-BEVERAGES";"44-TAKE AWAY FOOD PREPARED";46
"388";2;"09-BAKERY";"26-COMMUNICATION";46
"389";3;"03-SNACKS";"21-PUBLICATIONS";45
"390";3;"05-CHILLED PERISHABLES";"08-BREAD";45
"391";4;"03-SNACKS";"14-HEALTH AND BEAUTY";45
"392";4;"10-MILK";"26-COMMUNICATION";45
"393";2;"01-GROCERY FOOD";"12-CIGARETTES/TOBACCO";44
"394";4;"05-CHILLED PERISHABLES";"21-PUBLICATIONS";44
"395";4;"03-SNACKS";"08-BREAD";44
"396";3;"05-CHILLED PERISHABLES";"21-PUBLICATIONS";44
"397";4;"12-CIGARETTES/TOBACCO";"32-FOODSERVICE PREPARED ON-SITE";43
"398";1;"11-ICE CREAM";"56-LOCAL ITEMS";43
"399";5;"32-FOODSERVICE PREPARED ON-SITE";"44-TAKE AWAY FOOD PREPARED";43
"400";4;"01-GROCERY FOOD";"05-CHILLED PERISHABLES";42
"401";2;"01-GROCERY FOOD";"09-BAKERY";42
"402";2;"10-MILK";"44-TAKE AWAY FOOD PREPARED";42
"403";2;"09-BAKERY";"99-SYSTEM";41
"404";4;"09-BAKERY";"32-FOODSERVICE PREPARED ON-SITE";41
"405";4;"12-CIGARETTES/TOBACCO";"56-LOCAL ITEMS";41
"406";2;"32-FOODSERVICE PREPARED ON-SITE";"56-LOCAL ITEMS";40
"407";4;"10-MILK";"18-AUTOMOTIVE";40
"408";3;"11-ICE CREAM";"56-LOCAL ITEMS";40
"409";5;"10-MILK";"44-TAKE AWAY FOOD PREPARED";40
"410";5;"02-CONFECTIONERY";"43-MEAL REPLACEMENTS";40
"411";3;"03-SNACKS";"14-HEALTH AND BEAUTY";39
"412";3;"01-GROCERY FOOD";"05-CHILLED PERISHABLES";39
"413";3;"03-SNACKS";"26-COMMUNICATION";39
"414";4;"09-BAKERY";"26-COMMUNICATION";38
"415";5;"04-BEVERAGES";"22-GENERAL MERCHANDISE";38
"416";4;"04-BEVERAGES";"22-GENERAL MERCHANDISE";38
"417";1;"12-CIGARETTES/TOBACCO";"18-AUTOMOTIVE";38
"418";2;"09-BAKERY";"14-HEALTH AND BEAUTY";37
"419";4;"09-BAKERY";"18-AUTOMOTIVE";37
"420";4;"02-CONFECTIONERY";"13-GROCERY NON FOOD";37
"421";1;"03-SNACKS";"13-GROCERY NON FOOD";36
"422";3;"07-ICE";"10-MILK";36
"423";3;"04-BEVERAGES";"99-SYSTEM";36
"424";4;"12-CIGARETTES/TOBACCO";"99-SYSTEM";36
"425";4;"03-SNACKS";"56-LOCAL ITEMS";36
"426";4;"12-CIGARETTES/TOBACCO";"18-AUTOMOTIVE";35
"427";4;"09-BAKERY";"14-HEALTH AND BEAUTY";35
"428";1;"11-ICE CREAM";"14-HEALTH AND BEAUTY";35
"429";1;"01-GROCERY FOOD";"09-BAKERY";35
"430";1;"10-MILK";"99-SYSTEM";35
"431";5;"02-CONFECTIONERY";"14-HEALTH AND BEAUTY";35
"432";2;"07-ICE";"10-MILK";35
"433";2;"08-BREAD";"09-BAKERY";35
"434";2;"03-SNACKS";"08-BREAD";34
"435";2;"05-CHILLED PERISHABLES";"11-ICE CREAM";34
"436";1;"09-BAKERY";"14-HEALTH AND BEAUTY";34
"437";1;"08-BREAD";"09-BAKERY";34
"438";1;"10-MILK";"32-FOODSERVICE PREPARED ON-SITE";34
"439";1;"11-ICE CREAM";"21-PUBLICATIONS";34
"440";4;"03-SNACKS";"99-SYSTEM";33
"441";4;"08-BREAD";"12-CIGARETTES/TOBACCO";33
"442";3;"10-MILK";"22-GENERAL MERCHANDISE";33
"443";3;"11-ICE CREAM";"26-COMMUNICATION";32
"444";3;"03-SNACKS";"08-BREAD";32
"445";5;"12-CIGARETTES/TOBACCO";"99-SYSTEM";32
"446";5;"11-ICE CREAM";"56-LOCAL ITEMS";32
"447";5;"05-CHILLED PERISHABLES";"12-CIGARETTES/TOBACCO";32
"448";5;"10-MILK";"26-COMMUNICATION";32
"449";2;"05-CHILLED PERISHABLES";"14-HEALTH AND BEAUTY";32
"450";1;"09-BAKERY";"18-AUTOMOTIVE";32
"451";1;"09-BAKERY";"26-COMMUNICATION";31
"452";1;"03-SNACKS";"18-AUTOMOTIVE";31
"453";4;"05-CHILLED PERISHABLES";"14-HEALTH AND BEAUTY";31
"454";4;"05-CHILLED PERISHABLES";"11-ICE CREAM";31
"455";4;"10-MILK";"13-GROCERY NON FOOD";31
"456";4;"02-CONFECTIONERY";"22-GENERAL MERCHANDISE";31
"457";2;"03-SNACKS";"99-SYSTEM";31
"458";2;"10-MILK";"13-GROCERY NON FOOD";31
"459";5;"01-GROCERY FOOD";"04-BEVERAGES";31
"460";3;"07-ICE";"12-CIGARETTES/TOBACCO";30
"461";1;"03-SNACKS";"99-SYSTEM";30
"462";5;"09-BAKERY";"44-TAKE AWAY FOOD PREPARED";30
"463";2;"09-BAKERY";"18-AUTOMOTIVE";30
"464";4;"05-CHILLED PERISHABLES";"08-BREAD";30
"465";1;"10-MILK";"22-GENERAL MERCHANDISE";29
"466";4;"08-BREAD";"09-BAKERY";29
"467";4;"03-SNACKS";"26-COMMUNICATION";29
"468";5;"12-CIGARETTES/TOBACCO";"26-COMMUNICATION";29
"469";5;"10-MILK";"14-HEALTH AND BEAUTY";29
"470";2;"02-CONFECTIONERY";"13-GROCERY NON FOOD";29
"471";2;"12-CIGARETTES/TOBACCO";"22-GENERAL MERCHANDISE";29
"472";2;"02-CONFECTIONERY";"22-GENERAL MERCHANDISE";29
"473";3;"01-GROCERY FOOD";"09-BAKERY";29
"474";3;"09-BAKERY";"14-HEALTH AND BEAUTY";29
"475";3;"05-CHILLED PERISHABLES";"11-ICE CREAM";28
"476";1;"08-BREAD";"21-PUBLICATIONS";28
"477";5;"01-GROCERY FOOD";"10-MILK";28
"478";1;"05-CHILLED PERISHABLES";"14-HEALTH AND BEAUTY";28
"479";4;"09-BAKERY";"99-SYSTEM";28
"480";4;"05-CHILLED PERISHABLES";"56-LOCAL ITEMS";28
"481";2;"03-SNACKS";"26-COMMUNICATION";28
"482";4;"01-GROCERY FOOD";"12-CIGARETTES/TOBACCO";27
"483";4;"01-GROCERY FOOD";"09-BAKERY";27
"484";5;"10-MILK";"18-AUTOMOTIVE";27
"485";5;"12-CIGARETTES/TOBACCO";"43-MEAL REPLACEMENTS";27
"486";3;"11-ICE CREAM";"21-PUBLICATIONS";27
"487";1;"05-CHILLED PERISHABLES";"13-GROCERY NON FOOD";27
"488";2;"03-SNACKS";"18-AUTOMOTIVE";27
"489";2;"10-MILK";"22-GENERAL MERCHANDISE";27
"490";3;"03-SNACKS";"18-AUTOMOTIVE";26
"491";3;"05-CHILLED PERISHABLES";"26-COMMUNICATION";26
"492";2;"32-FOODSERVICE PREPARED ON-SITE";"43-MEAL REPLACEMENTS";26
"493";3;"02-CONFECTIONERY";"07-ICE";25
"494";3;"08-BREAD";"11-ICE CREAM";25
"495";3;"01-GROCERY FOOD";"08-BREAD";25
"496";1;"11-ICE CREAM";"99-SYSTEM";25
"497";4;"03-SNACKS";"18-AUTOMOTIVE";24
"498";1;"12-CIGARETTES/TOBACCO";"22-GENERAL MERCHANDISE";24
"499";1;"01-GROCERY FOOD";"11-ICE CREAM";24
"500";2;"21-PUBLICATIONS";"43-MEAL REPLACEMENTS";24
"501";2;"07-ICE";"09-BAKERY";24
"502";1;"11-ICE CREAM";"26-COMMUNICATION";24
"503";3;"03-SNACKS";"13-GROCERY NON FOOD";24
"504";3;"02-CONFECTIONERY";"99-SYSTEM";24
"505";5;"11-ICE CREAM";"32-FOODSERVICE PREPARED ON-SITE";24
"506";5;"02-CONFECTIONERY";"26-COMMUNICATION";23
"507";5;"03-SNACKS";"21-PUBLICATIONS";23
"508";2;"01-GROCERY FOOD";"08-BREAD";23
"509";2;"11-ICE CREAM";"26-COMMUNICATION";23
"510";2;"07-ICE";"12-CIGARETTES/TOBACCO";23
"511";2;"12-CIGARETTES/TOBACCO";"13-GROCERY NON FOOD";23
"512";5;"03-SNACKS";"43-MEAL REPLACEMENTS";23
"513";3;"11-ICE CREAM";"13-GROCERY NON FOOD";23
"514";3;"10-MILK";"99-SYSTEM";23
"515";1;"21-PUBLICATIONS";"43-MEAL REPLACEMENTS";23
"516";1;"07-ICE";"10-MILK";23
"517";1;"09-BAKERY";"13-GROCERY NON FOOD";23
"518";1;"11-ICE CREAM";"13-GROCERY NON FOOD";23
"519";1;"08-BREAD";"56-LOCAL ITEMS";23
"520";4;"01-GROCERY FOOD";"08-BREAD";22
"521";2;"02-CONFECTIONERY";"07-ICE";22
"522";2;"05-CHILLED PERISHABLES";"26-COMMUNICATION";22
"523";1;"08-BREAD";"13-GROCERY NON FOOD";22
"524";4;"03-SNACKS";"13-GROCERY NON FOOD";22
"525";3;"32-FOODSERVICE PREPARED ON-SITE";"56-LOCAL ITEMS";22
"526";3;"09-BAKERY";"18-AUTOMOTIVE";22
"527";5;"12-CIGARETTES/TOBACCO";"14-HEALTH AND BEAUTY";22
"528";5;"02-CONFECTIONERY";"22-GENERAL MERCHANDISE";22
"529";5;"09-BAKERY";"11-ICE CREAM";22
"530";2;"08-BREAD";"11-ICE CREAM";21
"531";2;"43-MEAL REPLACEMENTS";"56-LOCAL ITEMS";21
"532";5;"12-CIGARETTES/TOBACCO";"18-AUTOMOTIVE";21
"533";5;"05-CHILLED PERISHABLES";"56-LOCAL ITEMS";21
"534";1;"09-BAKERY";"99-SYSTEM";21
"535";1;"02-CONFECTIONERY";"32-FOODSERVICE PREPARED ON-SITE";21
"536";3;"11-ICE CREAM";"32-FOODSERVICE PREPARED ON-SITE";20
"537";3;"12-CIGARETTES/TOBACCO";"22-GENERAL MERCHANDISE";20
"538";3;"03-SNACKS";"07-ICE";20
"539";3;"01-GROCERY FOOD";"11-ICE CREAM";20
"540";4;"02-CONFECTIONERY";"44-TAKE AWAY FOOD PREPARED";20
"541";4;"08-BREAD";"21-PUBLICATIONS";20
"542";1;"21-PUBLICATIONS";"99-SYSTEM";20
"543";1;"03-SNACKS";"22-GENERAL MERCHANDISE";20
"544";1;"03-SNACKS";"32-FOODSERVICE PREPARED ON-SITE";20
"545";4;"05-CHILLED PERISHABLES";"99-SYSTEM";20
"546";2;"11-ICE CREAM";"14-HEALTH AND BEAUTY";19
"547";3;"09-BAKERY";"22-GENERAL MERCHANDISE";19
"548";1;"03-SNACKS";"26-COMMUNICATION";19
"549";1;"02-CONFECTIONERY";"07-ICE";19
"550";1;"01-GROCERY FOOD";"56-LOCAL ITEMS";19
"551";5;"01-GROCERY FOOD";"03-SNACKS";19
"552";5;"09-BAKERY";"21-PUBLICATIONS";19
"553";5;"32-FOODSERVICE PREPARED ON-SITE";"43-MEAL REPLACEMENTS";19
"554";4;"11-ICE CREAM";"56-LOCAL ITEMS";19
"555";4;"03-SNACKS";"22-GENERAL MERCHANDISE";19
"556";4;"05-CHILLED PERISHABLES";"32-FOODSERVICE PREPARED ON-SITE";19
"557";4;"12-CIGARETTES/TOBACCO";"13-GROCERY NON FOOD";19
"558";4;"10-MILK";"99-SYSTEM";18
"559";4;"11-ICE CREAM";"21-PUBLICATIONS";18
"560";4;"07-ICE";"10-MILK";18
"561";3;"05-CHILLED PERISHABLES";"14-HEALTH AND BEAUTY";18
"562";3;"01-GROCERY FOOD";"13-GROCERY NON FOOD";18
"563";3;"21-PUBLICATIONS";"51-AUSTRALIA POST";18
"564";3;"01-GROCERY FOOD";"56-LOCAL ITEMS";18
"565";3;"05-CHILLED PERISHABLES";"13-GROCERY NON FOOD";18
"566";5;"04-BEVERAGES";"08-BREAD";18
"567";3;"11-ICE CREAM";"14-HEALTH AND BEAUTY";17
"568";3;"11-ICE CREAM";"43-MEAL REPLACEMENTS";17
"569";3;"09-BAKERY";"13-GROCERY NON FOOD";17
"570";3;"21-PUBLICATIONS";"26-COMMUNICATION";17
"571";3;"21-PUBLICATIONS";"32-FOODSERVICE PREPARED ON-SITE";17
"572";3;"13-GROCERY NON FOOD";"14-HEALTH AND BEAUTY";17
"573";4;"10-MILK";"44-TAKE AWAY FOOD PREPARED";17
"574";4;"03-SNACKS";"32-FOODSERVICE PREPARED ON-SITE";17
"575";1;"18-AUTOMOTIVE";"99-SYSTEM";17
"576";1;"09-BAKERY";"22-GENERAL MERCHANDISE";17
"577";1;"01-GROCERY FOOD";"13-GROCERY NON FOOD";17
"578";5;"01-GROCERY FOOD";"02-CONFECTIONERY";17
"579";5;"07-ICE";"10-MILK";17
"580";2;"05-CHILLED PERISHABLES";"99-SYSTEM";16
"581";2;"03-SNACKS";"13-GROCERY NON FOOD";16
"582";2;"05-CHILLED PERISHABLES";"18-AUTOMOTIVE";16
"583";2;"04-BEVERAGES";"19-AUTOMOTIVE SERVICES";16
"584";2;"26-COMMUNICATION";"56-LOCAL ITEMS";16
"585";5;"02-CONFECTIONERY";"18-AUTOMOTIVE";16
"586";5;"02-CONFECTIONERY";"08-BREAD";16
"587";5;"09-BAKERY";"43-MEAL REPLACEMENTS";16
"588";5;"03-SNACKS";"99-SYSTEM";16
"589";5;"10-MILK";"43-MEAL REPLACEMENTS";16
"590";5;"11-ICE CREAM";"99-SYSTEM";16
"591";5;"11-ICE CREAM";"21-PUBLICATIONS";16
"592";4;"11-ICE CREAM";"14-HEALTH AND BEAUTY";16
"593";4;"44-TAKE AWAY FOOD PREPARED";"56-LOCAL ITEMS";16
"594";4;"05-CHILLED PERISHABLES";"26-COMMUNICATION";16
"595";4;"02-CONFECTIONERY";"07-ICE";16
"596";4;"01-GROCERY FOOD";"11-ICE CREAM";16
"597";1;"07-ICE";"09-BAKERY";16
"598";3;"21-PUBLICATIONS";"43-MEAL REPLACEMENTS";16
"599";3;"26-COMMUNICATION";"56-LOCAL ITEMS";16
"600";3;"12-CIGARETTES/TOBACCO";"99-SYSTEM";16
"601";3;"01-GROCERY FOOD";"43-MEAL REPLACEMENTS";16
"602";1;"01-GROCERY FOOD";"43-MEAL REPLACEMENTS";16
"603";1;"02-CONFECTIONERY";"19-AUTOMOTIVE SERVICES";16
"604";1;"07-ICE";"12-CIGARETTES/TOBACCO";16
"605";1;"11-ICE CREAM";"43-MEAL REPLACEMENTS";16
"606";4;"11-ICE CREAM";"43-MEAL REPLACEMENTS";15
"607";4;"12-CIGARETTES/TOBACCO";"22-GENERAL MERCHANDISE";15
"608";4;"21-PUBLICATIONS";"32-FOODSERVICE PREPARED ON-SITE";15
"609";3;"14-HEALTH AND BEAUTY";"56-LOCAL ITEMS";15
"610";3;"08-BREAD";"21-PUBLICATIONS";15
"611";1;"05-CHILLED PERISHABLES";"99-SYSTEM";15
"612";1;"05-CHILLED PERISHABLES";"26-COMMUNICATION";15
"613";1;"12-CIGARETTES/TOBACCO";"32-FOODSERVICE PREPARED ON-SITE";15
"614";1;"26-COMMUNICATION";"43-MEAL REPLACEMENTS";15
"615";1;"13-GROCERY NON FOOD";"14-HEALTH AND BEAUTY";15
"616";5;"26-COMMUNICATION";"56-LOCAL ITEMS";15
"617";5;"10-MILK";"22-GENERAL MERCHANDISE";15
"618";5;"18-AUTOMOTIVE";"32-FOODSERVICE PREPARED ON-SITE";15
"619";2;"14-HEALTH AND BEAUTY";"32-FOODSERVICE PREPARED ON-SITE";15
"620";2;"09-BAKERY";"22-GENERAL MERCHANDISE";15
"621";2;"11-ICE CREAM";"21-PUBLICATIONS";15
"622";2;"13-GROCERY NON FOOD";"14-HEALTH AND BEAUTY";15
"623";2;"18-AUTOMOTIVE";"56-LOCAL ITEMS";15
"624";2;"18-AUTOMOTIVE";"99-SYSTEM";15
"625";2;"21-PUBLICATIONS";"26-COMMUNICATION";15
"626";2;"02-CONFECTIONERY";"44-TAKE AWAY FOOD PREPARED";14
"627";2;"11-ICE CREAM";"56-LOCAL ITEMS";14
"628";2;"08-BREAD";"21-PUBLICATIONS";14
"629";5;"04-BEVERAGES";"13-GROCERY NON FOOD";14
"630";1;"13-GROCERY NON FOOD";"56-LOCAL ITEMS";14
"631";2;"14-HEALTH AND BEAUTY";"21-PUBLICATIONS";14
"632";4;"11-ICE CREAM";"99-SYSTEM";14
"633";4;"21-PUBLICATIONS";"56-LOCAL ITEMS";14
"634";4;"04-BEVERAGES";"19-AUTOMOTIVE SERVICES";14
"635";4;"08-BREAD";"11-ICE CREAM";14
"636";4;"11-ICE CREAM";"26-COMMUNICATION";14
"637";3;"03-SNACKS";"22-GENERAL MERCHANDISE";14
"638";3;"04-BEVERAGES";"06-FROZEN FOODS";14
"639";3;"08-BREAD";"13-GROCERY NON FOOD";14
"640";3;"08-BREAD";"56-LOCAL ITEMS";14
"641";3;"07-ICE";"09-BAKERY";14
"642";3;"26-COMMUNICATION";"32-FOODSERVICE PREPARED ON-SITE";13
"643";3;"14-HEALTH AND BEAUTY";"26-COMMUNICATION";13
"644";3;"04-BEVERAGES";"19-AUTOMOTIVE SERVICES";13
"645";3;"26-COMMUNICATION";"43-MEAL REPLACEMENTS";13
"646";3;"09-BAKERY";"99-SYSTEM";13
"647";3;"01-GROCERY FOOD";"14-HEALTH AND BEAUTY";13
"648";3;"11-ICE CREAM";"18-AUTOMOTIVE";13
"649";1;"14-HEALTH AND BEAUTY";"43-MEAL REPLACEMENTS";13
"650";1;"04-BEVERAGES";"06-FROZEN FOODS";13
"651";5;"02-CONFECTIONERY";"44-TAKE AWAY FOOD PREPARED";13
"652";5;"10-MILK";"13-GROCERY NON FOOD";13
"653";1;"14-HEALTH AND BEAUTY";"56-LOCAL ITEMS";13
"654";1;"01-GROCERY FOOD";"21-PUBLICATIONS";13
"655";1;"03-SNACKS";"07-ICE";13
"656";1;"13-GROCERY NON FOOD";"21-PUBLICATIONS";13
"657";2;"01-GROCERY FOOD";"43-MEAL REPLACEMENTS";13
"658";2;"12-CIGARETTES/TOBACCO";"44-TAKE AWAY FOOD PREPARED";13
"659";2;"03-SNACKS";"22-GENERAL MERCHANDISE";13
"660";4;"05-CHILLED PERISHABLES";"18-AUTOMOTIVE";13
"661";4;"13-GROCERY NON FOOD";"14-HEALTH AND BEAUTY";13
"662";1;"18-AUTOMOTIVE";"21-PUBLICATIONS";12
"663";1;"05-CHILLED PERISHABLES";"18-AUTOMOTIVE";12
"664";1;"04-BEVERAGES";"19-AUTOMOTIVE SERVICES";12
"665";1;"22-GENERAL MERCHANDISE";"56-LOCAL ITEMS";12
"666";3;"18-AUTOMOTIVE";"26-COMMUNICATION";12
"667";4;"18-AUTOMOTIVE";"21-PUBLICATIONS";12
"668";4;"21-PUBLICATIONS";"43-MEAL REPLACEMENTS";12
"669";5;"22-GENERAL MERCHANDISE";"32-FOODSERVICE PREPARED ON-SITE";12
"670";5;"09-BAKERY";"18-AUTOMOTIVE";12
"671";5;"26-COMMUNICATION";"32-FOODSERVICE PREPARED ON-SITE";12
"672";2;"26-COMMUNICATION";"32-FOODSERVICE PREPARED ON-SITE";12
"673";2;"14-HEALTH AND BEAUTY";"26-COMMUNICATION";12
"674";2;"09-BAKERY";"13-GROCERY NON FOOD";12
"675";2;"14-HEALTH AND BEAUTY";"43-MEAL REPLACEMENTS";12
"676";2;"21-PUBLICATIONS";"99-SYSTEM";12
"677";2;"18-AUTOMOTIVE";"21-PUBLICATIONS";12
"678";2;"11-ICE CREAM";"32-FOODSERVICE PREPARED ON-SITE";12
"679";2;"11-ICE CREAM";"43-MEAL REPLACEMENTS";12
"680";2;"11-ICE CREAM";"18-AUTOMOTIVE";12
"681";5;"05-CHILLED PERISHABLES";"43-MEAL REPLACEMENTS";11
"682";5;"02-CONFECTIONERY";"07-ICE";11
"683";5;"01-GROCERY FOOD";"12-CIGARETTES/TOBACCO";11
"684";5;"02-CONFECTIONERY";"45-ALTERNATE BUSINESS – TAKEAWAY";11
"685";1;"11-ICE CREAM";"18-AUTOMOTIVE";11
"686";1;"07-ICE";"22-GENERAL MERCHANDISE";11
"687";1;"43-MEAL REPLACEMENTS";"56-LOCAL ITEMS";11
"688";1;"05-CHILLED PERISHABLES";"32-FOODSERVICE PREPARED ON-SITE";11
"689";1;"21-PUBLICATIONS";"26-COMMUNICATION";11
"690";1;"14-HEALTH AND BEAUTY";"21-PUBLICATIONS";11
"691";1;"26-COMMUNICATION";"56-LOCAL ITEMS";11
"692";1;"13-GROCERY NON FOOD";"18-AUTOMOTIVE";11
"693";4;"14-HEALTH AND BEAUTY";"43-MEAL REPLACEMENTS";11
"694";4;"18-AUTOMOTIVE";"26-COMMUNICATION";11
"695";4;"07-ICE";"09-BAKERY";11
"696";2;"14-HEALTH AND BEAUTY";"18-AUTOMOTIVE";11
"697";2;"02-CONFECTIONERY";"19-AUTOMOTIVE SERVICES";11
"698";3;"43-MEAL REPLACEMENTS";"56-LOCAL ITEMS";11
"699";3;"13-GROCERY NON FOOD";"26-COMMUNICATION";11
"700";5;"03-SNACKS";"14-HEALTH AND BEAUTY";10
"701";5;"08-BREAD";"12-CIGARETTES/TOBACCO";10
"702";5;"07-ICE";"12-CIGARETTES/TOBACCO";10
"703";1;"21-PUBLICATIONS";"32-FOODSERVICE PREPARED ON-SITE";10
"704";2;"32-FOODSERVICE PREPARED ON-SITE";"99-SYSTEM";10
"705";2;"11-ICE CREAM";"13-GROCERY NON FOOD";10
"706";2;"56-LOCAL ITEMS";"99-SYSTEM";10
"707";2;"01-GROCERY FOOD";"32-FOODSERVICE PREPARED ON-SITE";10
"708";2;"08-BREAD";"32-FOODSERVICE PREPARED ON-SITE";10
"709";1;"08-BREAD";"14-HEALTH AND BEAUTY";10
"710";4;"01-GROCERY FOOD";"43-MEAL REPLACEMENTS";10
"711";4;"11-ICE CREAM";"13-GROCERY NON FOOD";10
"712";4;"10-MILK";"22-GENERAL MERCHANDISE";10
"713";4;"11-ICE CREAM";"18-AUTOMOTIVE";10
"714";3;"03-SNACKS";"99-SYSTEM";10
"715";3;"11-ICE CREAM";"22-GENERAL MERCHANDISE";10
"716";3;"10-MILK";"31-SERVICES";10
"717";3;"03-SNACKS";"39-LIQUOR";10
"718";3;"12-CIGARETTES/TOBACCO";"39-LIQUOR";10
"719";3;"13-GROCERY NON FOOD";"21-PUBLICATIONS";10
"720";3;"02-CONFECTIONERY";"31-SERVICES";10
"721";1;"32-FOODSERVICE PREPARED ON-SITE";"56-LOCAL ITEMS";9
"722";1;"05-CHILLED PERISHABLES";"06-FROZEN FOODS";9
"723";4;"07-ICE";"12-CIGARETTES/TOBACCO";9
"724";4;"05-CHILLED PERISHABLES";"13-GROCERY NON FOOD";9
"725";4;"03-SNACKS";"07-ICE";9
"726";4;"11-ICE CREAM";"32-FOODSERVICE PREPARED ON-SITE";9
"727";4;"09-BAKERY";"13-GROCERY NON FOOD";9
"728";4;"18-AUTOMOTIVE";"56-LOCAL ITEMS";9
"729";4;"21-PUBLICATIONS";"26-COMMUNICATION";9
"730";4;"32-FOODSERVICE PREPARED ON-SITE";"56-LOCAL ITEMS";9
"731";4;"02-CONFECTIONERY";"19-AUTOMOTIVE SERVICES";9
"732";4;"05-CHILLED PERISHABLES";"07-ICE";9
"733";2;"07-ICE";"21-PUBLICATIONS";9
"734";2;"05-CHILLED PERISHABLES";"07-ICE";9
"735";2;"08-BREAD";"99-SYSTEM";9
"736";2;"13-GROCERY NON FOOD";"18-AUTOMOTIVE";9
"737";3;"14-HEALTH AND BEAUTY";"32-FOODSERVICE PREPARED ON-SITE";9
"738";3;"13-GROCERY NON FOOD";"18-AUTOMOTIVE";9
"739";3;"07-ICE";"11-ICE CREAM";9
"740";3;"14-HEALTH AND BEAUTY";"22-GENERAL MERCHANDISE";9
"741";3;"04-BEVERAGES";"31-SERVICES";9
"742";3;"07-ICE";"22-GENERAL MERCHANDISE";9
"743";3;"13-GROCERY NON FOOD";"56-LOCAL ITEMS";9
"744";3;"32-FOODSERVICE PREPARED ON-SITE";"43-MEAL REPLACEMENTS";9
"745";5;"12-CIGARETTES/TOBACCO";"22-GENERAL MERCHANDISE";9
"746";5;"12-CIGARETTES/TOBACCO";"13-GROCERY NON FOOD";9
"747";5;"03-SNACKS";"18-AUTOMOTIVE";9
"748";5;"21-PUBLICATIONS";"99-SYSTEM";9
"749";5;"09-BAKERY";"26-COMMUNICATION";9
"750";5;"18-AUTOMOTIVE";"99-SYSTEM";8
"751";5;"14-HEALTH AND BEAUTY";"56-LOCAL ITEMS";8
"752";5;"12-CIGARETTES/TOBACCO";"44-TAKE AWAY FOOD PREPARED";8
"753";2;"04-BEVERAGES";"06-FROZEN FOODS";8
"754";2;"05-CHILLED PERISHABLES";"13-GROCERY NON FOOD";8
"755";2;"11-ICE CREAM";"99-SYSTEM";8
"756";5;"11-ICE CREAM";"26-COMMUNICATION";8
"757";5;"05-CHILLED PERISHABLES";"21-PUBLICATIONS";8
"758";5;"02-CONFECTIONERY";"13-GROCERY NON FOOD";8
"759";5;"11-ICE CREAM";"18-AUTOMOTIVE";8
"760";5;"05-CHILLED PERISHABLES";"99-SYSTEM";8
"761";5;"21-PUBLICATIONS";"44-TAKE AWAY FOOD PREPARED";8
"762";2;"22-GENERAL MERCHANDISE";"32-FOODSERVICE PREPARED ON-SITE";8
"763";2;"01-GROCERY FOOD";"21-PUBLICATIONS";8
"764";2;"05-CHILLED PERISHABLES";"22-GENERAL MERCHANDISE";8
"765";2;"09-BAKERY";"44-TAKE AWAY FOOD PREPARED";8
"766";2;"07-ICE";"32-FOODSERVICE PREPARED ON-SITE";8
"767";5;"03-SNACKS";"22-GENERAL MERCHANDISE";8
"768";2;"14-HEALTH AND BEAUTY";"22-GENERAL MERCHANDISE";8
"769";3;"10-MILK";"51-AUSTRALIA POST";8
"770";3;"04-BEVERAGES";"39-LIQUOR";8
"771";3;"18-AUTOMOTIVE";"21-PUBLICATIONS";8
"772";3;"04-BEVERAGES";"44-TAKE AWAY FOOD PREPARED";8
"773";3;"22-GENERAL MERCHANDISE";"56-LOCAL ITEMS";8
"774";3;"18-AUTOMOTIVE";"22-GENERAL MERCHANDISE";8
"775";3;"06-FROZEN FOODS";"10-MILK";8
"776";3;"07-ICE";"21-PUBLICATIONS";8
"777";4;"14-HEALTH AND BEAUTY";"21-PUBLICATIONS";8
"778";4;"14-HEALTH AND BEAUTY";"26-COMMUNICATION";8
"779";4;"43-MEAL REPLACEMENTS";"99-SYSTEM";8
"780";4;"13-GROCERY NON FOOD";"18-AUTOMOTIVE";8
"781";1;"01-GROCERY FOOD";"14-HEALTH AND BEAUTY";8
"782";1;"01-GROCERY FOOD";"18-AUTOMOTIVE";8
"783";1;"08-BREAD";"43-MEAL REPLACEMENTS";8
"784";1;"11-ICE CREAM";"22-GENERAL MERCHANDISE";8
"785";1;"05-CHILLED PERISHABLES";"22-GENERAL MERCHANDISE";8
"786";1;"43-MEAL REPLACEMENTS";"99-SYSTEM";8
"787";1;"03-SNACKS";"06-FROZEN FOODS";8
"788";4;"01-GROCERY FOOD";"21-PUBLICATIONS";8
"789";1;"12-CIGARETTES/TOBACCO";"19-AUTOMOTIVE SERVICES";7
"790";1;"18-AUTOMOTIVE";"43-MEAL REPLACEMENTS";7
"791";1;"21-PUBLICATIONS";"22-GENERAL MERCHANDISE";7
"792";1;"13-GROCERY NON FOOD";"26-COMMUNICATION";7
"793";1;"13-GROCERY NON FOOD";"43-MEAL REPLACEMENTS";7
"794";1;"06-FROZEN FOODS";"12-CIGARETTES/TOBACCO";7
"795";1;"19-AUTOMOTIVE SERVICES";"99-SYSTEM";7
"796";1;"07-ICE";"21-PUBLICATIONS";7
"797";3;"01-GROCERY FOOD";"32-FOODSERVICE PREPARED ON-SITE";7
"798";3;"01-GROCERY FOOD";"26-COMMUNICATION";7
"799";3;"08-BREAD";"26-COMMUNICATION";7
"800";3;"18-AUTOMOTIVE";"43-MEAL REPLACEMENTS";7
"801";3;"14-HEALTH AND BEAUTY";"21-PUBLICATIONS";7
"802";3;"07-ICE";"13-GROCERY NON FOOD";7
"803";3;"07-ICE";"56-LOCAL ITEMS";7
"804";3;"05-CHILLED PERISHABLES";"07-ICE";7
"805";3;"04-BEVERAGES";"51-AUSTRALIA POST";7
"806";3;"02-CONFECTIONERY";"44-TAKE AWAY FOOD PREPARED";7
"807";4;"01-GROCERY FOOD";"14-HEALTH AND BEAUTY";7
"808";5;"05-CHILLED PERISHABLES";"08-BREAD";7
"809";5;"14-HEALTH AND BEAUTY";"32-FOODSERVICE PREPARED ON-SITE";7
"810";5;"21-PUBLICATIONS";"43-MEAL REPLACEMENTS";7
"811";2;"03-SNACKS";"06-FROZEN FOODS";7
"812";2;"08-BREAD";"56-LOCAL ITEMS";7
"813";2;"06-FROZEN FOODS";"10-MILK";7
"814";5;"22-GENERAL MERCHANDISE";"56-LOCAL ITEMS";7
"815";5;"05-CHILLED PERISHABLES";"11-ICE CREAM";7
"816";5;"21-PUBLICATIONS";"45-ALTERNATE BUSINESS – TAKEAWAY";7
"817";2;"14-HEALTH AND BEAUTY";"56-LOCAL ITEMS";7
"818";2;"01-GROCERY FOOD";"11-ICE CREAM";7
"819";5;"13-GROCERY NON FOOD";"32-FOODSERVICE PREPARED ON-SITE";7
"820";2;"18-AUTOMOTIVE";"43-MEAL REPLACEMENTS";7
"821";2;"18-AUTOMOTIVE";"32-FOODSERVICE PREPARED ON-SITE";7
"822";2;"08-BREAD";"43-MEAL REPLACEMENTS";7
"823";2;"03-SNACKS";"07-ICE";7
"824";2;"03-SNACKS";"44-TAKE AWAY FOOD PREPARED";7
"825";2;"01-GROCERY FOOD";"56-LOCAL ITEMS";6
"826";2;"26-COMMUNICATION";"43-MEAL REPLACEMENTS";6
"827";2;"10-MILK";"31-SERVICES";6
"828";2;"14-HEALTH AND BEAUTY";"99-SYSTEM";6
"829";4;"01-GROCERY FOOD";"13-GROCERY NON FOOD";6
"830";4;"09-BAKERY";"22-GENERAL MERCHANDISE";6
"831";4;"11-ICE CREAM";"22-GENERAL MERCHANDISE";6
"832";4;"26-COMMUNICATION";"43-MEAL REPLACEMENTS";6
"833";4;"01-GROCERY FOOD";"56-LOCAL ITEMS";6
"834";4;"04-BEVERAGES";"06-FROZEN FOODS";6
"835";1;"18-AUTOMOTIVE";"22-GENERAL MERCHANDISE";6
"836";1;"18-AUTOMOTIVE";"19-AUTOMOTIVE SERVICES";6
"837";1;"06-FROZEN FOODS";"11-ICE CREAM";6
"838";1;"20-GAS";"99-SYSTEM";6
"839";1;"56-LOCAL ITEMS";"99-SYSTEM";6
"840";1;"18-AUTOMOTIVE";"56-LOCAL ITEMS";6
"841";5;"03-SNACKS";"08-BREAD";6
"842";5;"01-GROCERY FOOD";"13-GROCERY NON FOOD";6
"843";5;"18-AUTOMOTIVE";"22-GENERAL MERCHANDISE";6
"844";5;"09-BAKERY";"22-GENERAL MERCHANDISE";6
"845";5;"09-BAKERY";"13-GROCERY NON FOOD";6
"846";5;"01-GROCERY FOOD";"32-FOODSERVICE PREPARED ON-SITE";6
"847";5;"18-AUTOMOTIVE";"56-LOCAL ITEMS";6
"848";5;"01-GROCERY FOOD";"05-CHILLED PERISHABLES";6
"849";5;"01-GROCERY FOOD";"56-LOCAL ITEMS";6
"850";5;"09-BAKERY";"99-SYSTEM";6
"851";5;"18-AUTOMOTIVE";"21-PUBLICATIONS";6
"852";5;"01-GROCERY FOOD";"09-BAKERY";6
"853";5;"03-SNACKS";"44-TAKE AWAY FOOD PREPARED";6
"854";3;"09-BAKERY";"39-LIQUOR";6
"855";3;"02-CONFECTIONERY";"19-AUTOMOTIVE SERVICES";6
"856";3;"05-CHILLED PERISHABLES";"99-SYSTEM";6
"857";3;"08-BREAD";"32-FOODSERVICE PREPARED ON-SITE";6
"858";3;"02-CONFECTIONERY";"51-AUSTRALIA POST";6
"859";3;"08-BREAD";"43-MEAL REPLACEMENTS";6
"860";3;"01-GROCERY FOOD";"22-GENERAL MERCHANDISE";6
"861";3;"18-AUTOMOTIVE";"56-LOCAL ITEMS";6
"862";3;"22-GENERAL MERCHANDISE";"32-FOODSERVICE PREPARED ON-SITE";6
"863";3;"10-MILK";"44-TAKE AWAY FOOD PREPARED";6
"864";3;"01-GROCERY FOOD";"21-PUBLICATIONS";6
"865";3;"32-FOODSERVICE PREPARED ON-SITE";"44-TAKE AWAY FOOD PREPARED";6
"866";3;"01-GROCERY FOOD";"06-FROZEN FOODS";6
"867";3;"14-HEALTH AND BEAUTY";"18-AUTOMOTIVE";6
"868";3;"12-CIGARETTES/TOBACCO";"44-TAKE AWAY FOOD PREPARED";6
"869";1;"10-MILK";"19-AUTOMOTIVE SERVICES";5
"870";1;"01-GROCERY FOOD";"26-COMMUNICATION";5
"871";1;"26-COMMUNICATION";"99-SYSTEM";5
"872";1;"01-GROCERY FOOD";"06-FROZEN FOODS";5
"873";1;"14-HEALTH AND BEAUTY";"18-AUTOMOTIVE";5
"874";1;"05-CHILLED PERISHABLES";"07-ICE";5
"875";1;"02-CONFECTIONERY";"20-GAS";5
"876";1;"19-AUTOMOTIVE SERVICES";"21-PUBLICATIONS";5
"877";1;"07-ICE";"11-ICE CREAM";5
"878";5;"11-ICE CREAM";"14-HEALTH AND BEAUTY";5
"879";5;"08-BREAD";"56-LOCAL ITEMS";5
"880";5;"09-BAKERY";"14-HEALTH AND BEAUTY";5
"881";5;"07-ICE";"09-BAKERY";5
"882";5;"03-SNACKS";"26-COMMUNICATION";5
"883";5;"43-MEAL REPLACEMENTS";"56-LOCAL ITEMS";5
"884";5;"05-CHILLED PERISHABLES";"14-HEALTH AND BEAUTY";5
"885";5;"08-BREAD";"11-ICE CREAM";5
"886";5;"01-GROCERY FOOD";"11-ICE CREAM";5
"887";5;"08-BREAD";"21-PUBLICATIONS";5
"888";5;"14-HEALTH AND BEAUTY";"22-GENERAL MERCHANDISE";5
"889";3;"11-ICE CREAM";"31-SERVICES";5
"890";3;"21-PUBLICATIONS";"99-SYSTEM";5
"891";3;"05-CHILLED PERISHABLES";"22-GENERAL MERCHANDISE";5
"892";3;"13-GROCERY NON FOOD";"43-MEAL REPLACEMENTS";5
"893";3;"43-MEAL REPLACEMENTS";"99-SYSTEM";5
"894";3;"18-AUTOMOTIVE";"19-AUTOMOTIVE SERVICES";5
"895";3;"07-ICE";"32-FOODSERVICE PREPARED ON-SITE";5
"896";3;"06-FROZEN FOODS";"11-ICE CREAM";5
"897";4;"13-GROCERY NON FOOD";"22-GENERAL MERCHANDISE";5
"898";4;"26-COMMUNICATION";"99-SYSTEM";5
"899";4;"21-PUBLICATIONS";"99-SYSTEM";5
"900";4;"18-AUTOMOTIVE";"43-MEAL REPLACEMENTS";5
"901";4;"14-HEALTH AND BEAUTY";"18-AUTOMOTIVE";5
"902";4;"21-PUBLICATIONS";"44-TAKE AWAY FOOD PREPARED";5
"903";4;"08-BREAD";"56-LOCAL ITEMS";5
"904";3;"12-CIGARETTES/TOBACCO";"31-SERVICES";5
"905";3;"03-SNACKS";"06-FROZEN FOODS";5
"906";2;"08-BREAD";"13-GROCERY NON FOOD";5
"907";2;"08-BREAD";"14-HEALTH AND BEAUTY";5
"908";2;"18-AUTOMOTIVE";"26-COMMUNICATION";5
"909";2;"05-CHILLED PERISHABLES";"06-FROZEN FOODS";5
"910";2;"06-FROZEN FOODS";"11-ICE CREAM";5
"911";2;"43-MEAL REPLACEMENTS";"99-SYSTEM";5
"912";2;"02-CONFECTIONERY";"06-FROZEN FOODS";5
"913";2;"44-TAKE AWAY FOOD PREPARED";"56-LOCAL ITEMS";5
"914";2;"01-GROCERY FOOD";"99-SYSTEM";5
"915";2;"01-GROCERY FOOD";"14-HEALTH AND BEAUTY";4
"916";2;"08-BREAD";"26-COMMUNICATION";4
"917";2;"09-BAKERY";"19-AUTOMOTIVE SERVICES";4
"918";2;"07-ICE";"43-MEAL REPLACEMENTS";4
"919";2;"01-GROCERY FOOD";"26-COMMUNICATION";4
"920";2;"22-GENERAL MERCHANDISE";"43-MEAL REPLACEMENTS";4
"921";2;"04-BEVERAGES";"31-SERVICES";4
"922";2;"11-ICE CREAM";"22-GENERAL MERCHANDISE";4
"923";2;"22-GENERAL MERCHANDISE";"56-LOCAL ITEMS";4
"924";2;"07-ICE";"11-ICE CREAM";4
"925";2;"18-AUTOMOTIVE";"19-AUTOMOTIVE SERVICES";4
"926";2;"22-GENERAL MERCHANDISE";"99-SYSTEM";4
"927";2;"03-SNACKS";"19-AUTOMOTIVE SERVICES";4
"928";3;"14-HEALTH AND BEAUTY";"43-MEAL REPLACEMENTS";4
"929";3;"08-BREAD";"18-AUTOMOTIVE";4
"930";3;"02-CONFECTIONERY";"06-FROZEN FOODS";4
"931";3;"10-MILK";"19-AUTOMOTIVE SERVICES";4
"932";3;"01-GROCERY FOOD";"18-AUTOMOTIVE";4
"933";3;"04-BEVERAGES";"20-GAS";4
"934";3;"10-MILK";"39-LIQUOR";4
"935";3;"11-ICE CREAM";"20-GAS";4
"936";3;"05-CHILLED PERISHABLES";"18-AUTOMOTIVE";4
"937";3;"12-CIGARETTES/TOBACCO";"51-AUSTRALIA POST";4
"938";3;"18-AUTOMOTIVE";"99-SYSTEM";4
"939";3;"06-FROZEN FOODS";"09-BAKERY";4
"940";3;"08-BREAD";"14-HEALTH AND BEAUTY";4
"941";3;"09-BAKERY";"44-TAKE AWAY FOOD PREPARED";4
"942";4;"13-GROCERY NON FOOD";"43-MEAL REPLACEMENTS";4
"943";4;"14-HEALTH AND BEAUTY";"56-LOCAL ITEMS";4
"944";4;"12-CIGARETTES/TOBACCO";"44-TAKE AWAY FOOD PREPARED";4
"945";4;"03-SNACKS";"19-AUTOMOTIVE SERVICES";4
"946";4;"18-AUTOMOTIVE";"99-SYSTEM";4
"947";4;"18-AUTOMOTIVE";"22-GENERAL MERCHANDISE";4
"948";4;"22-GENERAL MERCHANDISE";"56-LOCAL ITEMS";4
"949";4;"01-GROCERY FOOD";"06-FROZEN FOODS";4
"950";4;"03-SNACKS";"06-FROZEN FOODS";4
"951";4;"19-AUTOMOTIVE SERVICES";"99-SYSTEM";4
"952";4;"07-ICE";"21-PUBLICATIONS";4
"953";1;"08-BREAD";"26-COMMUNICATION";4
"954";1;"02-CONFECTIONERY";"06-FROZEN FOODS";4
"955";1;"08-BREAD";"18-AUTOMOTIVE";4
"956";1;"13-GROCERY NON FOOD";"22-GENERAL MERCHANDISE";4
"957";1;"07-ICE";"43-MEAL REPLACEMENTS";4
"958";1;"11-ICE CREAM";"20-GAS";4
"959";1;"04-BEVERAGES";"31-SERVICES";4
"960";1;"51-AUSTRALIA POST";"56-LOCAL ITEMS";4
"961";5;"01-GROCERY FOOD";"08-BREAD";4
"962";5;"07-ICE";"21-PUBLICATIONS";4
"963";5;"01-GROCERY FOOD";"43-MEAL REPLACEMENTS";4
"964";1;"12-CIGARETTES/TOBACCO";"31-SERVICES";4
"965";1;"18-AUTOMOTIVE";"26-COMMUNICATION";4
"966";1;"06-FROZEN FOODS";"10-MILK";4
"967";5;"11-ICE CREAM";"43-MEAL REPLACEMENTS";4
"968";5;"12-CIGARETTES/TOBACCO";"45-ALTERNATE BUSINESS – TAKEAWAY";4
"969";5;"08-BREAD";"99-SYSTEM";4
"970";5;"13-GROCERY NON FOOD";"56-LOCAL ITEMS";4
"971";1;"22-GENERAL MERCHANDISE";"26-COMMUNICATION";4
"972";1;"14-HEALTH AND BEAUTY";"22-GENERAL MERCHANDISE";4
"973";1;"10-MILK";"20-GAS";4
"974";1;"13-GROCERY NON FOOD";"99-SYSTEM";4
"975";1;"07-ICE";"56-LOCAL ITEMS";4
"976";5;"14-HEALTH AND BEAUTY";"21-PUBLICATIONS";4
"977";5;"07-ICE";"11-ICE CREAM";4
"978";5;"03-SNACKS";"45-ALTERNATE BUSINESS – TAKEAWAY";4
"979";5;"11-ICE CREAM";"13-GROCERY NON FOOD";4
"980";5;"11-ICE CREAM";"44-TAKE AWAY FOOD PREPARED";4
"981";5;"13-GROCERY NON FOOD";"22-GENERAL MERCHANDISE";3
"982";5;"26-COMMUNICATION";"44-TAKE AWAY FOOD PREPARED";3
"983";5;"01-GROCERY FOOD";"99-SYSTEM";3
"984";5;"01-GROCERY FOOD";"14-HEALTH AND BEAUTY";3
"985";5;"07-ICE";"18-AUTOMOTIVE";3
"986";5;"08-BREAD";"32-FOODSERVICE PREPARED ON-SITE";3
"987";5;"04-BEVERAGES";"20-GAS";3
"988";5;"04-BEVERAGES";"19-AUTOMOTIVE SERVICES";3
"989";5;"13-GROCERY NON FOOD";"14-HEALTH AND BEAUTY";3
"990";5;"14-HEALTH AND BEAUTY";"26-COMMUNICATION";3
"991";5;"13-GROCERY NON FOOD";"99-SYSTEM";3
"992";5;"05-CHILLED PERISHABLES";"45-ALTERNATE BUSINESS – TAKEAWAY";3
"993";5;"07-ICE";"32-FOODSERVICE PREPARED ON-SITE";3
"994";5;"14-HEALTH AND BEAUTY";"99-SYSTEM";3
"995";5;"01-GROCERY FOOD";"21-PUBLICATIONS";3
"996";5;"03-SNACKS";"13-GROCERY NON FOOD";3
"997";2;"01-GROCERY FOOD";"13-GROCERY NON FOOD";3
"998";2;"07-ICE";"14-HEALTH AND BEAUTY";3
"999";2;"10-MILK";"20-GAS";3
"1000";2;"13-GROCERY NON FOOD";"21-PUBLICATIONS";3
"1001";2;"05-CHILLED PERISHABLES";"19-AUTOMOTIVE SERVICES";3
"1002";2;"07-ICE";"26-COMMUNICATION";3
"1003";2;"07-ICE";"22-GENERAL MERCHANDISE";3
"1004";2;"18-AUTOMOTIVE";"22-GENERAL MERCHANDISE";3
"1005";2;"21-PUBLICATIONS";"22-GENERAL MERCHANDISE";3
"1006";2;"05-CHILLED PERISHABLES";"44-TAKE AWAY FOOD PREPARED";3
"1007";2;"13-GROCERY NON FOOD";"26-COMMUNICATION";3
"1008";2;"31-SERVICES";"32-FOODSERVICE PREPARED ON-SITE";3
"1009";2;"13-GROCERY NON FOOD";"32-FOODSERVICE PREPARED ON-SITE";3
"1010";2;"19-AUTOMOTIVE SERVICES";"21-PUBLICATIONS";3
"1011";4;"13-GROCERY NON FOOD";"21-PUBLICATIONS";3
"1012";4;"02-CONFECTIONERY";"31-SERVICES";3
"1013";4;"08-BREAD";"26-COMMUNICATION";3
"1014";4;"05-CHILLED PERISHABLES";"19-AUTOMOTIVE SERVICES";3
"1015";4;"01-GROCERY FOOD";"22-GENERAL MERCHANDISE";3
"1016";4;"01-GROCERY FOOD";"07-ICE";3
"1017";4;"01-GROCERY FOOD";"32-FOODSERVICE PREPARED ON-SITE";3
"1018";4;"05-CHILLED PERISHABLES";"22-GENERAL MERCHANDISE";3
"1019";4;"43-MEAL REPLACEMENTS";"56-LOCAL ITEMS";3
"1020";1;"01-GROCERY FOOD";"99-SYSTEM";3
"1021";1;"02-CONFECTIONERY";"51-AUSTRALIA POST";3
"1022";1;"22-GENERAL MERCHANDISE";"43-MEAL REPLACEMENTS";3
"1023";1;"01-GROCERY FOOD";"32-FOODSERVICE PREPARED ON-SITE";3
"1024";1;"10-MILK";"51-AUSTRALIA POST";3
"1025";1;"14-HEALTH AND BEAUTY";"99-SYSTEM";3
"1026";1;"14-HEALTH AND BEAUTY";"26-COMMUNICATION";3
"1027";1;"09-BAKERY";"51-AUSTRALIA POST";3
"1028";1;"07-ICE";"08-BREAD";3
"1029";1;"22-GENERAL MERCHANDISE";"99-SYSTEM";3
"1030";1;"03-SNACKS";"19-AUTOMOTIVE SERVICES";3
"1031";1;"11-ICE CREAM";"19-AUTOMOTIVE SERVICES";3
"1032";1;"06-FROZEN FOODS";"08-BREAD";3
"1033";4;"06-FROZEN FOODS";"10-MILK";3
"1034";4;"32-FOODSERVICE PREPARED ON-SITE";"99-SYSTEM";3
"1035";4;"11-ICE CREAM";"19-AUTOMOTIVE SERVICES";3
"1036";4;"06-FROZEN FOODS";"11-ICE CREAM";3
"1037";4;"19-AUTOMOTIVE SERVICES";"21-PUBLICATIONS";3
"1038";4;"18-AUTOMOTIVE";"19-AUTOMOTIVE SERVICES";3
"1039";4;"26-COMMUNICATION";"32-FOODSERVICE PREPARED ON-SITE";3
"1040";4;"08-BREAD";"13-GROCERY NON FOOD";3
"1041";4;"08-BREAD";"14-HEALTH AND BEAUTY";3
"1042";4;"14-HEALTH AND BEAUTY";"22-GENERAL MERCHANDISE";3
"1043";4;"14-HEALTH AND BEAUTY";"99-SYSTEM";3
"1044";3;"09-BAKERY";"51-AUSTRALIA POST";3
"1045";3;"06-FROZEN FOODS";"56-LOCAL ITEMS";3
"1046";3;"06-FROZEN FOODS";"12-CIGARETTES/TOBACCO";3
"1047";3;"13-GROCERY NON FOOD";"32-FOODSERVICE PREPARED ON-SITE";3
"1048";3;"05-CHILLED PERISHABLES";"06-FROZEN FOODS";3
"1049";3;"05-CHILLED PERISHABLES";"44-TAKE AWAY FOOD PREPARED";3
"1050";3;"22-GENERAL MERCHANDISE";"43-MEAL REPLACEMENTS";3
"1051";3;"07-ICE";"26-COMMUNICATION";3
"1052";3;"11-ICE CREAM";"99-SYSTEM";3
"1053";3;"44-TAKE AWAY FOOD PREPARED";"56-LOCAL ITEMS";3
"1054";3;"13-GROCERY NON FOOD";"22-GENERAL MERCHANDISE";3
"1055";2;"06-FROZEN FOODS";"08-BREAD";2
"1056";2;"04-BEVERAGES";"29-HOT BEVERAGE";2
"1057";2;"04-BEVERAGES";"51-AUSTRALIA POST";2
"1058";2;"20-GAS";"99-SYSTEM";2
"1059";2;"19-AUTOMOTIVE SERVICES";"99-SYSTEM";2
"1060";2;"01-GROCERY FOOD";"44-TAKE AWAY FOOD PREPARED";2
"1061";2;"08-BREAD";"22-GENERAL MERCHANDISE";2
"1062";2;"20-GAS";"32-FOODSERVICE PREPARED ON-SITE";2
"1063";2;"01-GROCERY FOOD";"18-AUTOMOTIVE";2
"1064";2;"10-MILK";"19-AUTOMOTIVE SERVICES";2
"1065";2;"04-BEVERAGES";"20-GAS";2
"1066";2;"11-ICE CREAM";"20-GAS";2
"1067";2;"01-GROCERY FOOD";"22-GENERAL MERCHANDISE";2
"1068";2;"09-BAKERY";"20-GAS";2
"1069";2;"18-AUTOMOTIVE";"44-TAKE AWAY FOOD PREPARED";2
"1070";2;"02-CONFECTIONERY";"20-GAS";2
"1071";2;"43-MEAL REPLACEMENTS";"44-TAKE AWAY FOOD PREPARED";2
"1072";2;"19-AUTOMOTIVE SERVICES";"56-LOCAL ITEMS";2
"1073";2;"09-BAKERY";"29-HOT BEVERAGE";2
"1074";2;"13-GROCERY NON FOOD";"43-MEAL REPLACEMENTS";2
"1075";2;"06-FROZEN FOODS";"14-HEALTH AND BEAUTY";2
"1076";2;"01-GROCERY FOOD";"06-FROZEN FOODS";2
"1077";2;"22-GENERAL MERCHANDISE";"26-COMMUNICATION";2
"1078";2;"02-CONFECTIONERY";"31-SERVICES";2
"1079";2;"06-FROZEN FOODS";"13-GROCERY NON FOOD";2
"1080";2;"13-GROCERY NON FOOD";"56-LOCAL ITEMS";2
"1081";2;"26-COMMUNICATION";"44-TAKE AWAY FOOD PREPARED";2
"1082";2;"11-ICE CREAM";"31-SERVICES";2
"1083";2;"13-GROCERY NON FOOD";"22-GENERAL MERCHANDISE";2
"1084";4;"03-SNACKS";"44-TAKE AWAY FOOD PREPARED";2
"1085";4;"13-GROCERY NON FOOD";"56-LOCAL ITEMS";2
"1086";4;"14-HEALTH AND BEAUTY";"32-FOODSERVICE PREPARED ON-SITE";2
"1087";4;"01-GROCERY FOOD";"99-SYSTEM";2
"1088";4;"10-MILK";"19-AUTOMOTIVE SERVICES";2
"1089";4;"01-GROCERY FOOD";"26-COMMUNICATION";2
"1090";4;"08-BREAD";"43-MEAL REPLACEMENTS";2
"1091";4;"07-ICE";"22-GENERAL MERCHANDISE";2
"1092";4;"22-GENERAL MERCHANDISE";"43-MEAL REPLACEMENTS";2
"1093";4;"05-CHILLED PERISHABLES";"44-TAKE AWAY FOOD PREPARED";2
"1094";4;"21-PUBLICATIONS";"22-GENERAL MERCHANDISE";2
"1095";4;"03-SNACKS";"31-SERVICES";2
"1096";4;"32-FOODSERVICE PREPARED ON-SITE";"36-BEVERAGES BLITZ";2
"1097";4;"07-ICE";"13-GROCERY NON FOOD";2
"1098";4;"07-ICE";"14-HEALTH AND BEAUTY";2
"1099";4;"07-ICE";"44-TAKE AWAY FOOD PREPARED";2
"1100";4;"22-GENERAL MERCHANDISE";"26-COMMUNICATION";2
"1101";4;"56-LOCAL ITEMS";"99-SYSTEM";2
"1102";4;"04-BEVERAGES";"31-SERVICES";2
"1103";4;"06-FROZEN FOODS";"09-BAKERY";2
"1104";1;"22-GENERAL MERCHANDISE";"32-FOODSERVICE PREPARED ON-SITE";2
"1105";1;"21-PUBLICATIONS";"51-AUSTRALIA POST";2
"1106";1;"08-BREAD";"99-SYSTEM";2
"1107";1;"31-SERVICES";"99-SYSTEM";2
"1108";1;"12-CIGARETTES/TOBACCO";"20-GAS";2
"1109";1;"06-FROZEN FOODS";"56-LOCAL ITEMS";2
"1110";1;"11-ICE CREAM";"51-AUSTRALIA POST";2
"1111";1;"07-ICE";"14-HEALTH AND BEAUTY";2
"1112";1;"07-ICE";"13-GROCERY NON FOOD";2
"1113";1;"26-COMMUNICATION";"32-FOODSERVICE PREPARED ON-SITE";2
"1114";1;"04-BEVERAGES";"51-AUSTRALIA POST";2
"1115";1;"07-ICE";"99-SYSTEM";2
"1116";5;"07-ICE";"99-SYSTEM";2
"1117";5;"18-AUTOMOTIVE";"26-COMMUNICATION";2
"1118";5;"18-AUTOMOTIVE";"44-TAKE AWAY FOOD PREPARED";2
"1119";5;"07-ICE";"56-LOCAL ITEMS";2
"1120";5;"22-GENERAL MERCHANDISE";"99-SYSTEM";2
"1121";5;"43-MEAL REPLACEMENTS";"99-SYSTEM";2
"1122";5;"10-MILK";"20-GAS";2
"1123";5;"18-AUTOMOTIVE";"20-GAS";2
"1124";5;"11-ICE CREAM";"22-GENERAL MERCHANDISE";2
"1125";5;"26-COMMUNICATION";"99-SYSTEM";2
"1126";5;"07-ICE";"43-MEAL REPLACEMENTS";2
"1127";5;"08-BREAD";"26-COMMUNICATION";2
"1128";1;"01-GROCERY FOOD";"07-ICE";2
"1129";1;"10-MILK";"31-SERVICES";2
"1130";1;"07-ICE";"20-GAS";2
"1131";1;"08-BREAD";"22-GENERAL MERCHANDISE";2
"1132";1;"09-BAKERY";"19-AUTOMOTIVE SERVICES";2
"1133";1;"11-ICE CREAM";"32-FOODSERVICE PREPARED ON-SITE";2
"1134";5;"05-CHILLED PERISHABLES";"26-COMMUNICATION";2
"1135";5;"43-MEAL REPLACEMENTS";"45-ALTERNATE BUSINESS – TAKEAWAY";2
"1136";5;"08-BREAD";"45-ALTERNATE BUSINESS – TAKEAWAY";2
"1137";5;"07-ICE";"45-ALTERNATE BUSINESS – TAKEAWAY";2
"1138";5;"03-SNACKS";"07-ICE";2
"1139";5;"10-MILK";"19-AUTOMOTIVE SERVICES";2
"1140";5;"22-GENERAL MERCHANDISE";"44-TAKE AWAY FOOD PREPARED";2
"1141";3;"03-SNACKS";"44-TAKE AWAY FOOD PREPARED";2
"1142";3;"01-GROCERY FOOD";"39-LIQUOR";2
"1143";3;"01-GROCERY FOOD";"99-SYSTEM";2
"1144";3;"07-ICE";"43-MEAL REPLACEMENTS";2
"1145";3;"07-ICE";"18-AUTOMOTIVE";2
"1146";3;"03-SNACKS";"20-GAS";2
"1147";3;"04-BEVERAGES";"49-LOTTERY/GAMING";2
"1148";3;"08-BREAD";"22-GENERAL MERCHANDISE";2
"1149";3;"01-GROCERY FOOD";"44-TAKE AWAY FOOD PREPARED";2
"1150";3;"18-AUTOMOTIVE";"32-FOODSERVICE PREPARED ON-SITE";2
"1151";3;"01-GROCERY FOOD";"07-ICE";2
"1152";3;"02-CONFECTIONERY";"39-LIQUOR";2
"1153";3;"21-PUBLICATIONS";"22-GENERAL MERCHANDISE";2
"1154";3;"21-PUBLICATIONS";"39-LIQUOR";2
"1155";3;"56-LOCAL ITEMS";"99-SYSTEM";2
"1156";3;"08-BREAD";"99-SYSTEM";2
"1157";3;"14-HEALTH AND BEAUTY";"99-SYSTEM";2
"1158";3;"12-CIGARETTES/TOBACCO";"19-AUTOMOTIVE SERVICES";2
"1159";3;"07-ICE";"44-TAKE AWAY FOOD PREPARED";2
"1160";3;"07-ICE";"08-BREAD";2
"1161";3;"11-ICE CREAM";"44-TAKE AWAY FOOD PREPARED";2
"1162";3;"32-FOODSERVICE PREPARED ON-SITE";"99-SYSTEM";2
"1163";3;"19-AUTOMOTIVE SERVICES";"99-SYSTEM";2
"1164";3;"06-FROZEN FOODS";"08-BREAD";2
"1165";3;"26-COMMUNICATION";"49-LOTTERY/GAMING";2
"1166";4;"13-GROCERY NON FOOD";"19-AUTOMOTIVE SERVICES";1
"1167";4;"08-BREAD";"99-SYSTEM";1
"1168";4;"05-CHILLED PERISHABLES";"20-GAS";1
"1169";4;"05-CHILLED PERISHABLES";"31-SERVICES";1
"1170";4;"09-BAKERY";"20-GAS";1
"1171";4;"18-AUTOMOTIVE";"32-FOODSERVICE PREPARED ON-SITE";1
"1172";4;"44-TAKE AWAY FOOD PREPARED";"99-SYSTEM";1
"1173";4;"10-MILK";"36-BEVERAGES BLITZ";1
"1174";4;"04-BEVERAGES";"20-GAS";1
"1175";4;"01-GROCERY FOOD";"44-TAKE AWAY FOOD PREPARED";1
"1176";4;"08-BREAD";"22-GENERAL MERCHANDISE";1
"1177";4;"08-BREAD";"32-FOODSERVICE PREPARED ON-SITE";1
"1178";4;"07-ICE";"18-AUTOMOTIVE";1
"1179";4;"07-ICE";"43-MEAL REPLACEMENTS";1
"1180";4;"01-GROCERY FOOD";"18-AUTOMOTIVE";1
"1181";4;"02-CONFECTIONERY";"06-FROZEN FOODS";1
"1182";4;"08-BREAD";"18-AUTOMOTIVE";1
"1183";4;"32-FOODSERVICE PREPARED ON-SITE";"43-MEAL REPLACEMENTS";1
"1184";4;"11-ICE CREAM";"44-TAKE AWAY FOOD PREPARED";1
"1185";4;"22-GENERAL MERCHANDISE";"99-SYSTEM";1
"1186";4;"06-FROZEN FOODS";"21-PUBLICATIONS";1
"1187";4;"07-ICE";"56-LOCAL ITEMS";1
"1188";4;"43-MEAL REPLACEMENTS";"44-TAKE AWAY FOOD PREPARED";1
"1189";4;"02-CONFECTIONERY";"20-GAS";1
"1190";4;"18-AUTOMOTIVE";"44-TAKE AWAY FOOD PREPARED";1
"1191";4;"06-FROZEN FOODS";"08-BREAD";1
"1192";4;"08-BREAD";"20-GAS";1
"1193";4;"21-PUBLICATIONS";"31-SERVICES";1
"1194";4;"07-ICE";"99-SYSTEM";1
"1195";4;"19-AUTOMOTIVE SERVICES";"22-GENERAL MERCHANDISE";1
"1196";4;"07-ICE";"08-BREAD";1
"1197";4;"06-FROZEN FOODS";"12-CIGARETTES/TOBACCO";1
"1198";4;"07-ICE";"11-ICE CREAM";1
"1199";4;"12-CIGARETTES/TOBACCO";"20-GAS";1
"1200";4;"26-COMMUNICATION";"56-LOCAL ITEMS";1
"1201";4;"12-CIGARETTES/TOBACCO";"19-AUTOMOTIVE SERVICES";1
"1202";5;"02-CONFECTIONERY";"29-HOT BEVERAGE";1
"1203";5;"22-GENERAL MERCHANDISE";"45-ALTERNATE BUSINESS – TAKEAWAY";1
"1204";5;"07-ICE";"08-BREAD";1
"1205";5;"08-BREAD";"14-HEALTH AND BEAUTY";1
"1206";5;"06-FROZEN FOODS";"12-CIGARETTES/TOBACCO";1
"1207";5;"07-ICE";"14-HEALTH AND BEAUTY";1
"1208";5;"12-CIGARETTES/TOBACCO";"20-GAS";1
"1209";5;"14-HEALTH AND BEAUTY";"18-AUTOMOTIVE";1
"1210";5;"07-ICE";"44-TAKE AWAY FOOD PREPARED";1
"1211";5;"21-PUBLICATIONS";"29-HOT BEVERAGE";1
"1212";5;"21-PUBLICATIONS";"26-COMMUNICATION";1
"1213";5;"43-MEAL REPLACEMENTS";"44-TAKE AWAY FOOD PREPARED";1
"1214";5;"05-CHILLED PERISHABLES";"06-FROZEN FOODS";1
"1215";5;"08-BREAD";"09-BAKERY";1
"1216";5;"11-ICE CREAM";"19-AUTOMOTIVE SERVICES";1
"1217";5;"02-CONFECTIONERY";"20-GAS";1
"1218";5;"06-FROZEN FOODS";"10-MILK";1
"1219";5;"05-CHILLED PERISHABLES";"07-ICE";1
"1220";5;"19-AUTOMOTIVE SERVICES";"99-SYSTEM";1
"1221";5;"02-CONFECTIONERY";"19-AUTOMOTIVE SERVICES";1
"1222";5;"13-GROCERY NON FOOD";"18-AUTOMOTIVE";1
"1223";5;"12-CIGARETTES/TOBACCO";"31-SERVICES";1
"1224";5;"20-GAS";"99-SYSTEM";1
"1225";5;"14-HEALTH AND BEAUTY";"43-MEAL REPLACEMENTS";1
"1226";5;"13-GROCERY NON FOOD";"44-TAKE AWAY FOOD PREPARED";1
"1227";5;"11-ICE CREAM";"45-ALTERNATE BUSINESS – TAKEAWAY";1
"1228";5;"12-CIGARETTES/TOBACCO";"29-HOT BEVERAGE";1
"1229";5;"13-GROCERY NON FOOD";"45-ALTERNATE BUSINESS – TAKEAWAY";1
"1230";5;"05-CHILLED PERISHABLES";"13-GROCERY NON FOOD";1
"1231";5;"20-GAS";"22-GENERAL MERCHANDISE";1
"1232";5;"20-GAS";"32-FOODSERVICE PREPARED ON-SITE";1
"1233";5;"01-GROCERY FOOD";"44-TAKE AWAY FOOD PREPARED";1
"1234";5;"07-ICE";"26-COMMUNICATION";1
"1235";5;"07-ICE";"22-GENERAL MERCHANDISE";1
"1236";5;"01-GROCERY FOOD";"22-GENERAL MERCHANDISE";1
"1237";5;"07-ICE";"20-GAS";1
"1238";5;"03-SNACKS";"29-HOT BEVERAGE";1
"1239";5;"05-CHILLED PERISHABLES";"18-AUTOMOTIVE";1
"1240";5;"21-PUBLICATIONS";"22-GENERAL MERCHANDISE";1
"1241";5;"20-GAS";"21-PUBLICATIONS";1
"1242";5;"04-BEVERAGES";"31-SERVICES";1
"1243";5;"51-AUSTRALIA POST";"99-SYSTEM";1
"1244";5;"26-COMMUNICATION";"45-ALTERNATE BUSINESS – TAKEAWAY";1
"1245";5;"56-LOCAL ITEMS";"99-SYSTEM";1
"1246";5;"18-AUTOMOTIVE";"43-MEAL REPLACEMENTS";1
"1247";5;"22-GENERAL MERCHANDISE";"26-COMMUNICATION";1
"1248";5;"05-CHILLED PERISHABLES";"22-GENERAL MERCHANDISE";1
"1249";3;"03-SNACKS";"19-AUTOMOTIVE SERVICES";1
"1250";3;"22-GENERAL MERCHANDISE";"99-SYSTEM";1
"1251";3;"09-BAKERY";"20-GAS";1
"1252";3;"09-BAKERY";"29-HOT BEVERAGE";1
"1253";3;"31-SERVICES";"32-FOODSERVICE PREPARED ON-SITE";1
"1254";3;"07-ICE";"14-HEALTH AND BEAUTY";1
"1255";3;"11-ICE CREAM";"51-AUSTRALIA POST";1
"1256";3;"32-FOODSERVICE PREPARED ON-SITE";"51-AUSTRALIA POST";1
"1257";3;"02-CONFECTIONERY";"49-LOTTERY/GAMING";1
"1258";3;"31-SERVICES";"56-LOCAL ITEMS";1
"1259";3;"21-PUBLICATIONS";"29-HOT BEVERAGE";1
"1260";3;"13-GROCERY NON FOOD";"19-AUTOMOTIVE SERVICES";1
"1261";3;"10-MILK";"49-LOTTERY/GAMING";1
"1262";3;"05-CHILLED PERISHABLES";"39-LIQUOR";1
"1263";3;"06-FROZEN FOODS";"39-LIQUOR";1
"1264";3;"22-GENERAL MERCHANDISE";"26-COMMUNICATION";1
"1265";3;"05-CHILLED PERISHABLES";"20-GAS";1
"1266";3;"51-AUSTRALIA POST";"56-LOCAL ITEMS";1
"1267";3;"13-GROCERY NON FOOD";"44-TAKE AWAY FOOD PREPARED";1
"1268";3;"06-FROZEN FOODS";"13-GROCERY NON FOOD";1
"1269";3;"09-BAKERY";"19-AUTOMOTIVE SERVICES";1
"1270";3;"20-GAS";"56-LOCAL ITEMS";1
"1271";3;"12-CIGARETTES/TOBACCO";"49-LOTTERY/GAMING";1
"1272";3;"08-BREAD";"39-LIQUOR";1
"1273";3;"03-SNACKS";"49-LOTTERY/GAMING";1
"1274";3;"14-HEALTH AND BEAUTY";"39-LIQUOR";1
"1275";3;"06-FROZEN FOODS";"18-AUTOMOTIVE";1
"1276";3;"20-GAS";"99-SYSTEM";1
"1277";3;"21-PUBLICATIONS";"31-SERVICES";1
"1278";3;"09-BAKERY";"31-SERVICES";1
"1279";3;"06-FROZEN FOODS";"32-FOODSERVICE PREPARED ON-SITE";1
"1280";3;"26-COMMUNICATION";"31-SERVICES";1
"1281";3;"03-SNACKS";"51-AUSTRALIA POST";1
"1282";3;"02-CONFECTIONERY";"20-GAS";1
"1283";3;"11-ICE CREAM";"19-AUTOMOTIVE SERVICES";1
"1284";3;"21-PUBLICATIONS";"44-TAKE AWAY FOOD PREPARED";1
"1285";3;"19-AUTOMOTIVE SERVICES";"21-PUBLICATIONS";1
"1286";2;"12-CIGARETTES/TOBACCO";"19-AUTOMOTIVE SERVICES";1
"1287";2;"32-FOODSERVICE PREPARED ON-SITE";"44-TAKE AWAY FOOD PREPARED";1
"1288";2;"05-CHILLED PERISHABLES";"20-GAS";1
"1289";2;"10-MILK";"51-AUSTRALIA POST";1
"1290";2;"31-SERVICES";"43-MEAL REPLACEMENTS";1
"1291";2;"06-FROZEN FOODS";"09-BAKERY";1
"1292";2;"01-GROCERY FOOD";"07-ICE";1
"1293";2;"06-FROZEN FOODS";"32-FOODSERVICE PREPARED ON-SITE";1
"1294";2;"26-COMMUNICATION";"99-SYSTEM";1
"1295";2;"22-GENERAL MERCHANDISE";"51-AUSTRALIA POST";1
"1296";2;"02-CONFECTIONERY";"51-AUSTRALIA POST";1
"1297";2;"03-SNACKS";"20-GAS";1
"1298";2;"07-ICE";"18-AUTOMOTIVE";1
"1299";2;"22-GENERAL MERCHANDISE";"44-TAKE AWAY FOOD PREPARED";1
"1300";2;"18-AUTOMOTIVE";"31-SERVICES";1
"1301";2;"12-CIGARETTES/TOBACCO";"29-HOT BEVERAGE";1
"1302";2;"31-SERVICES";"56-LOCAL ITEMS";1
"1303";2;"29-HOT BEVERAGE";"43-MEAL REPLACEMENTS";1
"1304";2;"01-GROCERY FOOD";"31-SERVICES";1
"1305";2;"13-GROCERY NON FOOD";"99-SYSTEM";1
"1306";2;"07-ICE";"13-GROCERY NON FOOD";1
"1307";2;"08-BREAD";"44-TAKE AWAY FOOD PREPARED";1
"1308";2;"06-FROZEN FOODS";"22-GENERAL MERCHANDISE";1
"1309";2;"11-ICE CREAM";"44-TAKE AWAY FOOD PREPARED";1
"1310";2;"14-HEALTH AND BEAUTY";"19-AUTOMOTIVE SERVICES";1
"1311";2;"02-CONFECTIONERY";"29-HOT BEVERAGE";1
"1312";2;"07-ICE";"56-LOCAL ITEMS";1
"1313";2;"21-PUBLICATIONS";"44-TAKE AWAY FOOD PREPARED";1
"1314";2;"03-SNACKS";"31-SERVICES";1
"1315";2;"05-CHILLED PERISHABLES";"29-HOT BEVERAGE";1
"1316";2;"07-ICE";"99-SYSTEM";1
"1317";2;"21-PUBLICATIONS";"31-SERVICES";1
"1318";1;"14-HEALTH AND BEAUTY";"31-SERVICES";1
"1319";1;"09-BAKERY";"31-SERVICES";1
"1320";1;"12-CIGARETTES/TOBACCO";"51-AUSTRALIA POST";1
"1321";1;"31-SERVICES";"43-MEAL REPLACEMENTS";1
"1322";1;"51-AUSTRALIA POST";"99-SYSTEM";1
"1323";1;"04-BEVERAGES";"44-TAKE AWAY FOOD PREPARED";1
"1324";1;"08-BREAD";"19-AUTOMOTIVE SERVICES";1
"1325";1;"32-FOODSERVICE PREPARED ON-SITE";"44-TAKE AWAY FOOD PREPARED";1
"1326";1;"13-GROCERY NON FOOD";"19-AUTOMOTIVE SERVICES";1
"1327";1;"13-GROCERY NON FOOD";"32-FOODSERVICE PREPARED ON-SITE";1
"1328";1;"19-AUTOMOTIVE SERVICES";"56-LOCAL ITEMS";1
"1329";1;"06-FROZEN FOODS";"21-PUBLICATIONS";1
"1330";1;"32-FOODSERVICE PREPARED ON-SITE";"99-SYSTEM";1
"1331";1;"03-SNACKS";"51-AUSTRALIA POST";1
"1332";1;"04-BEVERAGES";"29-HOT BEVERAGE";1
"1333";1;"01-GROCERY FOOD";"22-GENERAL MERCHANDISE";1
"1334";1;"07-ICE";"26-COMMUNICATION";1
"1335";1;"04-BEVERAGES";"20-GAS";1
"1336";1;"22-GENERAL MERCHANDISE";"51-AUSTRALIA POST";1
"1337";1;"08-BREAD";"32-FOODSERVICE PREPARED ON-SITE";1
"1338";1;"03-SNACKS";"20-GAS";1
"1339";1;"05-CHILLED PERISHABLES";"19-AUTOMOTIVE SERVICES";1
"1340";1;"20-GAS";"56-LOCAL ITEMS";1
"1341";1;"05-CHILLED PERISHABLES";"51-AUSTRALIA POST";1
"1342";1;"20-GAS";"22-GENERAL MERCHANDISE";1
"1343";1;"19-AUTOMOTIVE SERVICES";"26-COMMUNICATION";1
"1344";1;"02-CONFECTIONERY";"31-SERVICES";1
"1345";1;"06-FROZEN FOODS";"13-GROCERY NON FOOD";1
"1346";1;"06-FROZEN FOODS";"43-MEAL REPLACEMENTS";1
"1347";1;"32-FOODSERVICE PREPARED ON-SITE";"43-MEAL REPLACEMENTS";1
"1348";1;"14-HEALTH AND BEAUTY";"32-FOODSERVICE PREPARED ON-SITE";1
